#
# There is insufficient memory for the Java Runtime Environment to continue.
# Native memory allocation (mmap) failed to map 834666496 bytes. Error detail: G1 virtual space
# Possible reasons:
#   The system is out of physical RAM or swap space
#   This process is running with CompressedOops enabled, and the Java Heap may be blocking the growth of the native heap
# Possible solutions:
#   Reduce memory load on the system
#   Increase physical memory or swap space
#   Check if swap backing store is full
#   Decrease Java heap size (-Xmx/-Xms)
#   Decrease number of Java threads
#   Decrease Java thread stack sizes (-Xss)
#   Set larger code cache with -XX:ReservedCodeCacheSize=
#   JVM is running with Zero Based Compressed Oops mode in which the Java heap is
#     placed in the first 32GB address space. The Java Heap base address is the
#     maximum limit for the native heap growth. Please use -XX:HeapBaseMinAddress
#     to set the Java Heap base and to place the Java Heap above 32GB virtual address.
# This output file may be truncated or incomplete.
#
#  Out of Memory Error (os_windows.cpp:3618), pid=40520, tid=41224
#
# JRE version: OpenJDK Runtime Environment Temurin-17.0.16+8 (17.0.16+8) (build 17.0.16+8)
# Java VM: OpenJDK 64-Bit Server VM Temurin-17.0.16+8 (17.0.16+8, mixed mode, sharing, tiered, compressed oops, compressed class ptrs, g1 gc, windows-amd64)
# No core dump will be written. Minidumps are not enabled by default on client versions of Windows
#

---------------  S U M M A R Y ------------

Command Line: --add-opens=java.base/java.util=ALL-UNNAMED --add-opens=java.base/java.lang=ALL-UNNAMED --add-opens=java.base/java.lang.invoke=ALL-UNNAMED --add-opens=java.prefs/java.util.prefs=ALL-UNNAMED --add-opens=java.base/java.nio.charset=ALL-UNNAMED --add-opens=java.base/java.net=ALL-UNNAMED --add-opens=java.base/java.util.concurrent.atomic=ALL-UNNAMED -Xmx3G -Dfile.encoding=UTF-8 -Duser.country=CN -Duser.language=zh -Duser.variant -javaagent:C:\Users\Administrator\.gradle\wrapper\dists\gradle-8.8-bin\dl7vupf4psengwqhwktix4v1\gradle-8.8\lib\agents\gradle-instrumentation-agent-8.8.jar org.gradle.launcher.daemon.bootstrap.GradleDaemon 8.8

Host: 11th Gen Intel(R) Core(TM) i5-11320H @ 3.20GHz, 8 cores, 15G,  Windows 10 , 64 bit Build 19041 (10.0.19041.5198)
Time: Sun Aug  2 00:37:17 2026  Windows 10 , 64 bit Build 19041 (10.0.19041.5198) elapsed time: 155.293351 seconds (0d 0h 2m 35s)

---------------  T H R E A D  ---------------

Current thread (0x000001f4ffb221e0):  VMThread "VM Thread" [stack: 0x0000007642100000,0x0000007642200000] [id=41224]

Stack: [0x0000007642100000,0x0000007642200000]
Native frames: (J=compiled Java code, j=interpreted, Vv=VM code, C=native code)
V  [jvm.dll+0x683169]
V  [jvm.dll+0x839ac8]
V  [jvm.dll+0x83b573]
V  [jvm.dll+0x83bbe3]
V  [jvm.dll+0x2473ff]
V  [jvm.dll+0x67ff49]
V  [jvm.dll+0x674e3a]
V  [jvm.dll+0x304ea6]
V  [jvm.dll+0x30c366]
V  [jvm.dll+0x35deee]
V  [jvm.dll+0x35e12d]
V  [jvm.dll+0x2dc26c]
V  [jvm.dll+0x2da60f]
V  [jvm.dll+0x2d9d7c]
V  [jvm.dll+0x31d921]
V  [jvm.dll+0x84041d]
V  [jvm.dll+0x841153]
V  [jvm.dll+0x84167f]
V  [jvm.dll+0x841a64]
V  [jvm.dll+0x841b2e]
V  [jvm.dll+0x7e979c]
V  [jvm.dll+0x682047]
C  [ucrtbase.dll+0x21bb2]
C  [KERNEL32.DLL+0x17374]
C  [ntdll.dll+0x4cc91]

VM_Operation (0x00000076487f9130): G1TryInitiateConcMark, mode: safepoint, requested by thread 0x000001f4e67fb4f0


---------------  P R O C E S S  ---------------

Threads class SMR info:
_java_thread_list=0x000001f4e3eb8f40, length=110, elements={
0x000001f4f9b5e140, 0x000001f4ffb26b20, 0x000001f4ffb276e0, 0x000001f4ffb48a40,
0x000001f4ffb49600, 0x000001f4ffb4e0e0, 0x000001f4ffb4eaa0, 0x000001f4ffb4f840,
0x000001f4ffb50700, 0x000001f4ffb51100, 0x000001f4ffb13ef0, 0x000001f49ccaf620,
0x000001f4e3392f40, 0x000001f4e3147ee0, 0x000001f4e33e4440, 0x000001f4e33ef5a0,
0x000001f4e35a0c50, 0x000001f4e359e3d0, 0x000001f4e35a1670, 0x000001f4e35a1b80,
0x000001f4e359edf0, 0x000001f4e359f300, 0x000001f4e50c9150, 0x000001f4e50cc3f0,
0x000001f4e50cb9d0, 0x000001f4e50cc900, 0x000001f4e50c9b70, 0x000001f4e50cf180,
0x000001f4e52eb8a0, 0x000001f4e52e9a40, 0x000001f4e52eeb40, 0x000001f4e7ca8f10,
0x000001f4e67fd860, 0x000001f4e67f9ba0, 0x000001f4e67f63f0, 0x000001f4e67fce40,
0x000001f4e67fa5c0, 0x000001f4e67f9690, 0x000001f4e67f6e10, 0x000001f4e7cab790,
0x000001f4e7cabca0, 0x000001f4e7ca8a00, 0x000001f4e7cad5f0, 0x000001f4e7ca6ba0,
0x000001f4e7ca84f0, 0x000001f4e7cad0e0, 0x000001f4e7ca75c0, 0x000001f4e7ca9930,
0x000001f4e7ca6180, 0x000001f4e7ca7ad0, 0x000001f4e7cadb00, 0x000001f4e7ca9420,
0x000001f4e7ca9e40, 0x000001f4e7ca7fe0, 0x000001f4e7cac1b0, 0x000001f4e7caa350,
0x000001f4e7cac6c0, 0x000001f4e7caa860, 0x000001f4e52ea970, 0x000001f4e52e9f50,
0x000001f4e52ef050, 0x000001f4e52ed700, 0x000001f4e52ec2c0, 0x000001f4e52edc10,
0x000001f4e52ec7d0, 0x000001f4e52eae80, 0x000001f4e52eb390, 0x000001f4e52e9020,
0x000001f4e52e80f0, 0x000001f4e52e7be0, 0x000001f4e52ef560, 0x000001f4e52ea460,
0x000001f4e52e8600, 0x000001f4e52e8b10, 0x000001f4e52ee120, 0x000001f4e52e9530,
0x000001f4e52ecce0, 0x000001f4e50c9660, 0x000001f4e50ce250, 0x000001f4e50caaa0,
0x000001f4e50cafb0, 0x000001f4e50cb4c0, 0x000001f4e50ca080, 0x000001f4e50c8c40,
0x000001f4e50c8220, 0x000001f4e50cd320, 0x000001f4e50cd830, 0x000001f4e50ce760,
0x000001f4e50cec70, 0x000001f4e50cf690, 0x000001f4e50cce10, 0x000001f4e67fc930,
0x000001f4e67fd350, 0x000001f4e67fdd70, 0x000001f4e67f9180, 0x000001f4e67fba00,
0x000001f4e67f6900, 0x000001f4e67fc420, 0x000001f4e7518830, 0x000001f4e67faad0,
0x000001f4e67f7d40, 0x000001f4e67fafe0, 0x000001f4e67fb4f0, 0x000001f4e67f7320,
0x000001f4e67fbf10, 0x000001f4e67f7830, 0x000001f4e67f8250, 0x000001f4e67f8760,
0x000001f4e35a0740, 0x000001f4e7517d90
}

Java Threads: ( => current thread )
  0x000001f4f9b5e140 JavaThread "main" [_thread_blocked, id=10200, stack(0x0000007641900000,0x0000007641a00000)]
  0x000001f4ffb26b20 JavaThread "Reference Handler" daemon [_thread_blocked, id=39868, stack(0x0000007642200000,0x0000007642300000)]
  0x000001f4ffb276e0 JavaThread "Finalizer" daemon [_thread_blocked, id=38084, stack(0x0000007642300000,0x0000007642400000)]
  0x000001f4ffb48a40 JavaThread "Signal Dispatcher" daemon [_thread_blocked, id=43240, stack(0x0000007642400000,0x0000007642500000)]
  0x000001f4ffb49600 JavaThread "Attach Listener" daemon [_thread_blocked, id=4856, stack(0x0000007642500000,0x0000007642600000)]
  0x000001f4ffb4e0e0 JavaThread "Service Thread" daemon [_thread_blocked, id=45484, stack(0x0000007642600000,0x0000007642700000)]
  0x000001f4ffb4eaa0 JavaThread "Monitor Deflation Thread" daemon [_thread_blocked, id=40956, stack(0x0000007642700000,0x0000007642800000)]
  0x000001f4ffb4f840 JavaThread "C2 CompilerThread0" daemon [_thread_blocked, id=45956, stack(0x0000007642800000,0x0000007642900000)]
  0x000001f4ffb50700 JavaThread "C1 CompilerThread0" daemon [_thread_blocked, id=43196, stack(0x0000007642900000,0x0000007642a00000)]
  0x000001f4ffb51100 JavaThread "Sweeper thread" daemon [_thread_blocked, id=35452, stack(0x0000007642a00000,0x0000007642b00000)]
  0x000001f4ffb13ef0 JavaThread "Common-Cleaner" daemon [_thread_blocked, id=20536, stack(0x0000007642b00000,0x0000007642c00000)]
  0x000001f49ccaf620 JavaThread "Notification Thread" daemon [_thread_blocked, id=21292, stack(0x0000007642c00000,0x0000007642d00000)]
  0x000001f4e3392f40 JavaThread "Daemon health stats" [_thread_blocked, id=19704, stack(0x0000007643400000,0x0000007643500000)]
  0x000001f4e3147ee0 JavaThread "Incoming local TCP Connector on port 61816" [_thread_in_native, id=4056, stack(0x0000007643500000,0x0000007643600000)]
  0x000001f4e33e4440 JavaThread "Daemon periodic checks" [_thread_blocked, id=45280, stack(0x0000007643600000,0x0000007643700000)]
  0x000001f4e33ef5a0 JavaThread "Daemon" [_thread_blocked, id=16168, stack(0x0000007643700000,0x0000007643800000)]
  0x000001f4e35a0c50 JavaThread "Daemon worker" [_thread_blocked, id=41408, stack(0x0000007643a00000,0x0000007643b00000)]
  0x000001f4e359e3d0 JavaThread "Cache worker for journal cache (C:\Users\Administrator\.gradle\caches\journal-1)" [_thread_blocked, id=42936, stack(0x0000007643e00000,0x0000007643f00000)]
  0x000001f4e35a1670 JavaThread "File lock request listener" [_thread_in_native, id=40688, stack(0x0000007643f00000,0x0000007644000000)]
  0x000001f4e35a1b80 JavaThread "Cache worker for file hash cache (C:\Users\Administrator\.gradle\caches\8.8\fileHashes)" [_thread_blocked, id=42956, stack(0x0000007644000000,0x0000007644100000)]
  0x000001f4e359edf0 JavaThread "File watcher server" daemon [_thread_blocked, id=33488, stack(0x0000007644400000,0x0000007644500000)]
  0x000001f4e359f300 JavaThread "File watcher consumer" daemon [_thread_blocked, id=33700, stack(0x0000007644500000,0x0000007644600000)]
  0x000001f4e50c9150 JavaThread "Cache worker for file content cache (C:\Users\Administrator\.gradle\caches\8.8\fileContent)" [_thread_blocked, id=33424, stack(0x0000007644800000,0x0000007644900000)]
  0x000001f4e50cc3f0 JavaThread "jar transforms" [_thread_blocked, id=45920, stack(0x0000007644b00000,0x0000007644c00000)]
  0x000001f4e50cb9d0 JavaThread "jar transforms Thread 2" [_thread_blocked, id=42584, stack(0x0000007644c00000,0x0000007644d00000)]
  0x000001f4e50cc900 JavaThread "jar transforms Thread 3" [_thread_blocked, id=41412, stack(0x0000007644e00000,0x0000007644f00000)]
  0x000001f4e50c9b70 JavaThread "jar transforms Thread 4" [_thread_blocked, id=17472, stack(0x0000007645900000,0x0000007645a00000)]
  0x000001f4e50cf180 JavaThread "jar transforms Thread 5" [_thread_blocked, id=45420, stack(0x0000007645a00000,0x0000007645b00000)]
  0x000001f4e52eb8a0 JavaThread "jar transforms Thread 6" [_thread_blocked, id=45360, stack(0x0000007646000000,0x0000007646100000)]
  0x000001f4e52e9a40 JavaThread "jar transforms Thread 7" [_thread_blocked, id=45156, stack(0x0000007646100000,0x0000007646200000)]
  0x000001f4e52eeb40 JavaThread "jar transforms Thread 8" [_thread_blocked, id=24080, stack(0x0000007646800000,0x0000007646900000)]
  0x000001f4e7ca8f10 JavaThread "Memory manager" [_thread_blocked, id=7760, stack(0x0000007647f00000,0x0000007648000000)]
  0x000001f4e67fd860 JavaThread "ForkJoinPool.commonPool-worker-1" daemon [_thread_blocked, id=43792, stack(0x0000007648f00000,0x0000007649000000)]
  0x000001f4e67f9ba0 JavaThread "ForkJoinPool.commonPool-worker-2" daemon [_thread_blocked, id=26564, stack(0x0000007649000000,0x0000007649100000)]
  0x000001f4e67f63f0 JavaThread "ForkJoinPool.commonPool-worker-4" daemon [_thread_blocked, id=17960, stack(0x0000007649200000,0x0000007649300000)]
  0x000001f4e67fce40 JavaThread "ForkJoinPool.commonPool-worker-5" daemon [_thread_blocked, id=42576, stack(0x0000007649300000,0x0000007649400000)]
  0x000001f4e67fa5c0 JavaThread "ForkJoinPool.commonPool-worker-6" daemon [_thread_blocked, id=45372, stack(0x0000007649400000,0x0000007649500000)]
  0x000001f4e67f9690 JavaThread "ForkJoinPool.commonPool-worker-7" daemon [_thread_blocked, id=35608, stack(0x0000007649500000,0x0000007649600000)]
  0x000001f4e67f6e10 JavaThread "included builds" [_thread_blocked, id=22612, stack(0x0000007648d00000,0x0000007648e00000)]
  0x000001f4e7cab790 JavaThread "VFS cleanup" [_thread_blocked, id=43476, stack(0x0000007641800000,0x0000007641900000)]
  0x000001f4e7cabca0 JavaThread "Handler for socket connection from /127.0.0.1:61816 to /127.0.0.1:61914" [_thread_in_native, id=43800, stack(0x0000007641a00000,0x0000007641b00000)]
  0x000001f4e7ca8a00 JavaThread "Cancel handler" [_thread_blocked, id=43184, stack(0x0000007641b00000,0x0000007641c00000)]
  0x000001f4e7cad5f0 JavaThread "Asynchronous log dispatcher for DefaultDaemonConnection: socket connection from /127.0.0.1:61816 to /127.0.0.1:61914" [_thread_blocked, id=40760, stack(0x0000007643800000,0x0000007643900000)]
  0x000001f4e7ca6ba0 JavaThread "Stdin handler" [_thread_blocked, id=45192, stack(0x0000007643900000,0x0000007643a00000)]
  0x000001f4e7ca84f0 JavaThread "Daemon client event forwarder" [_thread_blocked, id=11008, stack(0x0000007643b00000,0x0000007643c00000)]
  0x000001f4e7cad0e0 JavaThread "Cache worker for file hash cache (D:\User\Desktop\MOP\test_mod\.gradle\8.8\fileHashes)" [_thread_blocked, id=43520, stack(0x0000007643c00000,0x0000007643d00000)]
  0x000001f4e7ca75c0 JavaThread "Cache worker for checksums cache (D:\User\Desktop\MOP\test_mod\.gradle\8.8\checksums)" [_thread_blocked, id=45240, stack(0x0000007643d00000,0x0000007643e00000)]
  0x000001f4e7ca9930 JavaThread "Cache worker for cache directory md-rule (C:\Users\Administrator\.gradle\caches\8.8\md-rule)" [_thread_blocked, id=43252, stack(0x0000007644100000,0x0000007644200000)]
  0x000001f4e7ca6180 JavaThread "Cache worker for cache directory md-supplier (C:\Users\Administrator\.gradle\caches\8.8\md-supplier)" [_thread_blocked, id=43312, stack(0x0000007644700000,0x0000007644800000)]
  0x000001f4e7ca7ad0 JavaThread "Unconstrained build operations" [_thread_blocked, id=31912, stack(0x0000007644900000,0x0000007644a00000)]
  0x000001f4e7cadb00 JavaThread "Unconstrained build operations Thread 2" [_thread_blocked, id=17528, stack(0x0000007644a00000,0x0000007644b00000)]
  0x000001f4e7ca9420 JavaThread "Unconstrained build operations Thread 3" [_thread_blocked, id=44824, stack(0x0000007644d00000,0x0000007644e00000)]
  0x000001f4e7ca9e40 JavaThread "Unconstrained build operations Thread 4" [_thread_blocked, id=16288, stack(0x0000007644f00000,0x0000007645000000)]
  0x000001f4e7ca7fe0 JavaThread "Unconstrained build operations Thread 5" [_thread_blocked, id=37724, stack(0x0000007645000000,0x0000007645100000)]
  0x000001f4e7cac1b0 JavaThread "Unconstrained build operations Thread 6" [_thread_blocked, id=18068, stack(0x0000007645100000,0x0000007645200000)]
  0x000001f4e7caa350 JavaThread "Unconstrained build operations Thread 7" [_thread_blocked, id=3716, stack(0x0000007645200000,0x0000007645300000)]
  0x000001f4e7cac6c0 JavaThread "Unconstrained build operations Thread 8" [_thread_blocked, id=33332, stack(0x0000007645300000,0x0000007645400000)]
  0x000001f4e7caa860 JavaThread "Unconstrained build operations Thread 9" [_thread_blocked, id=37488, stack(0x0000007645400000,0x0000007645500000)]
  0x000001f4e52ea970 JavaThread "Unconstrained build operations Thread 10" [_thread_blocked, id=43296, stack(0x0000007645500000,0x0000007645600000)]
  0x000001f4e52e9f50 JavaThread "Unconstrained build operations Thread 11" [_thread_blocked, id=43772, stack(0x0000007645600000,0x0000007645700000)]
  0x000001f4e52ef050 JavaThread "Unconstrained build operations Thread 12" [_thread_blocked, id=11232, stack(0x0000007645700000,0x0000007645800000)]
  0x000001f4e52ed700 JavaThread "Unconstrained build operations Thread 13" [_thread_blocked, id=42104, stack(0x0000007645800000,0x0000007645900000)]
  0x000001f4e52ec2c0 JavaThread "Unconstrained build operations Thread 14" [_thread_blocked, id=12592, stack(0x0000007645b00000,0x0000007645c00000)]
  0x000001f4e52edc10 JavaThread "Unconstrained build operations Thread 15" [_thread_blocked, id=7568, stack(0x0000007645c00000,0x0000007645d00000)]
  0x000001f4e52ec7d0 JavaThread "Unconstrained build operations Thread 16" [_thread_blocked, id=30936, stack(0x0000007645d00000,0x0000007645e00000)]
  0x000001f4e52eae80 JavaThread "Unconstrained build operations Thread 17" [_thread_blocked, id=16876, stack(0x0000007645e00000,0x0000007645f00000)]
  0x000001f4e52eb390 JavaThread "Unconstrained build operations Thread 18" [_thread_blocked, id=30828, stack(0x0000007645f00000,0x0000007646000000)]
  0x000001f4e52e9020 JavaThread "Unconstrained build operations Thread 19" [_thread_blocked, id=36948, stack(0x0000007646200000,0x0000007646300000)]
  0x000001f4e52e80f0 JavaThread "Cache worker for Build Output Cleanup Cache (D:\User\Desktop\MOP\test_mod\.gradle\buildOutputCleanup)" [_thread_blocked, id=13360, stack(0x0000007646300000,0x0000007646400000)]
  0x000001f4e52e7be0 JavaThread "Unconstrained build operations Thread 20" [_thread_blocked, id=40012, stack(0x0000007646400000,0x0000007646500000)]
  0x000001f4e52ef560 JavaThread "Unconstrained build operations Thread 21" [_thread_blocked, id=41948, stack(0x0000007646500000,0x0000007646600000)]
  0x000001f4e52ea460 JavaThread "Unconstrained build operations Thread 22" [_thread_blocked, id=45012, stack(0x0000007646600000,0x0000007646700000)]
  0x000001f4e52e8600 JavaThread "Unconstrained build operations Thread 23" [_thread_blocked, id=44928, stack(0x0000007646700000,0x0000007646800000)]
  0x000001f4e52e8b10 JavaThread "Unconstrained build operations Thread 24" [_thread_blocked, id=45336, stack(0x0000007646900000,0x0000007646a00000)]
  0x000001f4e52ee120 JavaThread "Unconstrained build operations Thread 25" [_thread_blocked, id=42752, stack(0x0000007646a00000,0x0000007646b00000)]
  0x000001f4e52e9530 JavaThread "Unconstrained build operations Thread 26" [_thread_blocked, id=41424, stack(0x0000007646b00000,0x0000007646c00000)]
  0x000001f4e52ecce0 JavaThread "Unconstrained build operations Thread 27" [_thread_blocked, id=38816, stack(0x0000007646c00000,0x0000007646d00000)]
  0x000001f4e50c9660 JavaThread "Unconstrained build operations Thread 28" [_thread_blocked, id=30896, stack(0x0000007646d00000,0x0000007646e00000)]
  0x000001f4e50ce250 JavaThread "Unconstrained build operations Thread 29" [_thread_blocked, id=20800, stack(0x0000007646e00000,0x0000007646f00000)]
  0x000001f4e50caaa0 JavaThread "Unconstrained build operations Thread 30" [_thread_blocked, id=15220, stack(0x0000007646f00000,0x0000007647000000)]
  0x000001f4e50cafb0 JavaThread "Unconstrained build operations Thread 31" [_thread_blocked, id=42608, stack(0x0000007647000000,0x0000007647100000)]
  0x000001f4e50cb4c0 JavaThread "Unconstrained build operations Thread 32" [_thread_blocked, id=42864, stack(0x0000007647100000,0x0000007647200000)]
  0x000001f4e50ca080 JavaThread "Unconstrained build operations Thread 33" [_thread_blocked, id=42460, stack(0x0000007647200000,0x0000007647300000)]
  0x000001f4e50c8c40 JavaThread "Unconstrained build operations Thread 34" [_thread_blocked, id=16316, stack(0x0000007647400000,0x0000007647500000)]
  0x000001f4e50c8220 JavaThread "Unconstrained build operations Thread 35" [_thread_blocked, id=44288, stack(0x0000007647500000,0x0000007647600000)]
  0x000001f4e50cd320 JavaThread "Unconstrained build operations Thread 36" [_thread_blocked, id=42288, stack(0x0000007647600000,0x0000007647700000)]
  0x000001f4e50cd830 JavaThread "Unconstrained build operations Thread 37" [_thread_blocked, id=32512, stack(0x0000007647700000,0x0000007647800000)]
  0x000001f4e50ce760 JavaThread "Unconstrained build operations Thread 38" [_thread_blocked, id=17620, stack(0x0000007647800000,0x0000007647900000)]
  0x000001f4e50cec70 JavaThread "Unconstrained build operations Thread 39" [_thread_blocked, id=29628, stack(0x0000007647900000,0x0000007647a00000)]
  0x000001f4e50cf690 JavaThread "Unconstrained build operations Thread 40" [_thread_blocked, id=26684, stack(0x0000007647a00000,0x0000007647b00000)]
  0x000001f4e50cce10 JavaThread "Unconstrained build operations Thread 41" [_thread_blocked, id=27596, stack(0x0000007643300000,0x0000007643400000)]
  0x000001f4e67fc930 JavaThread "Unconstrained build operations Thread 42" [_thread_blocked, id=8204, stack(0x0000007647300000,0x0000007647400000)]
  0x000001f4e67fd350 JavaThread "Unconstrained build operations Thread 43" [_thread_blocked, id=27708, stack(0x0000007647b00000,0x0000007647c00000)]
  0x000001f4e67fdd70 JavaThread "Unconstrained build operations Thread 44" [_thread_blocked, id=31740, stack(0x0000007647c00000,0x0000007647d00000)]
  0x000001f4e67f9180 JavaThread "Unconstrained build operations Thread 45" [_thread_blocked, id=45532, stack(0x0000007647d00000,0x0000007647e00000)]
  0x000001f4e67fba00 JavaThread "Unconstrained build operations Thread 46" [_thread_blocked, id=29408, stack(0x0000007647e00000,0x0000007647f00000)]
  0x000001f4e67f6900 JavaThread "Unconstrained build operations Thread 47" [_thread_blocked, id=39424, stack(0x0000007648000000,0x0000007648100000)]
  0x000001f4e67fc420 JavaThread "Unconstrained build operations Thread 48" [_thread_blocked, id=40336, stack(0x0000007648200000,0x0000007648300000)]
  0x000001f4e7518830 JavaThread "C2 CompilerThread1" daemon [_thread_blocked, id=44580, stack(0x0000007648300000,0x0000007648400000)]
  0x000001f4e67faad0 JavaThread "ForkJoinPool.commonPool-worker-8" daemon [_thread_blocked, id=42208, stack(0x0000007648400000,0x0000007648500000)]
  0x000001f4e67f7d40 JavaThread "included builds" [_thread_blocked, id=41844, stack(0x0000007648500000,0x0000007648600000)]
  0x000001f4e67fafe0 JavaThread "Execution worker" [_thread_blocked, id=43544, stack(0x0000007648600000,0x0000007648700000)]
  0x000001f4e67fb4f0 JavaThread "Execution worker Thread 2" [_thread_blocked, id=23892, stack(0x0000007648700000,0x0000007648800000)]
  0x000001f4e67f7320 JavaThread "Execution worker Thread 3" [_thread_blocked, id=43356, stack(0x0000007648800000,0x0000007648900000)]
  0x000001f4e67fbf10 JavaThread "Execution worker Thread 4" [_thread_blocked, id=33064, stack(0x0000007648900000,0x0000007648a00000)]
  0x000001f4e67f7830 JavaThread "Execution worker Thread 5" [_thread_blocked, id=42724, stack(0x0000007648a00000,0x0000007648b00000)]
  0x000001f4e67f8250 JavaThread "Execution worker Thread 6" [_thread_blocked, id=35332, stack(0x0000007648b00000,0x0000007648c00000)]
  0x000001f4e67f8760 JavaThread "Execution worker Thread 7" [_thread_blocked, id=12636, stack(0x0000007648c00000,0x0000007648d00000)]
  0x000001f4e35a0740 JavaThread "Cache worker for execution history cache (D:\User\Desktop\MOP\test_mod\.gradle\8.8\executionHistory)" [_thread_blocked, id=45660, stack(0x0000007648e00000,0x0000007648f00000)]
  0x000001f4e7517d90 JavaThread "C2 CompilerThread2" daemon [_thread_blocked, id=23984, stack(0x0000007649100000,0x0000007649200000)]

Other Threads:
=>0x000001f4ffb221e0 VMThread "VM Thread" [stack: 0x0000007642100000,0x0000007642200000] [id=41224]
  0x000001f4f9b5f100 WatcherThread [stack: 0x0000007642d00000,0x0000007642e00000] [id=43156]
  0x000001f4f9bb59b0 GCTaskThread "GC Thread#0" [stack: 0x0000007641c00000,0x0000007641d00000] [id=45688]
  0x000001f4e26e84c0 GCTaskThread "GC Thread#1" [stack: 0x0000007642e00000,0x0000007642f00000] [id=45100]
  0x000001f4e26d8030 GCTaskThread "GC Thread#2" [stack: 0x0000007642f00000,0x0000007643000000] [id=30772]
  0x000001f4e26d82f0 GCTaskThread "GC Thread#3" [stack: 0x0000007643000000,0x0000007643100000] [id=4768]
  0x000001f4e26d85b0 GCTaskThread "GC Thread#4" [stack: 0x0000007643100000,0x0000007643200000] [id=18664]
  0x000001f4e26d8870 GCTaskThread "GC Thread#5" [stack: 0x0000007643200000,0x0000007643300000] [id=45096]
  0x000001f4e66333b0 GCTaskThread "GC Thread#6" [stack: 0x0000007644200000,0x0000007644300000] [id=38312]
  0x000001f4e66330f0 GCTaskThread "GC Thread#7" [stack: 0x0000007644300000,0x0000007644400000] [id=43964]
  0x000001f4f9bc2900 ConcurrentGCThread "G1 Main Marker" [stack: 0x0000007641d00000,0x0000007641e00000] [id=45148]
  0x000001f4f9bc3320 ConcurrentGCThread "G1 Conc#0" [stack: 0x0000007641e00000,0x0000007641f00000] [id=816]
  0x000001f4e66328b0 ConcurrentGCThread "G1 Conc#1" [stack: 0x0000007644600000,0x0000007644700000] [id=27756]
  0x000001f4ff9e24d0 ConcurrentGCThread "G1 Refine#0" [stack: 0x0000007641f00000,0x0000007642000000] [id=45728]
  0x000001f4e6e18640 ConcurrentGCThread "G1 Refine#1" [stack: 0x000000764a200000,0x000000764a300000] [id=29752]
  0x000001f4e6e1bb20 ConcurrentGCThread "G1 Refine#2" [stack: 0x000000764a300000,0x000000764a400000] [id=5004]
  0x000001f4e6e18930 ConcurrentGCThread "G1 Refine#3" [stack: 0x000000764a400000,0x000000764a500000] [id=42480]
  0x000001f4e6e1a690 ConcurrentGCThread "G1 Refine#4" [stack: 0x000000764a500000,0x000000764a600000] [id=23672]
  0x000001f4e6e1af60 ConcurrentGCThread "G1 Refine#5" [stack: 0x000000764a600000,0x000000764a700000] [id=22324]
  0x000001f4e6e18060 ConcurrentGCThread "G1 Refine#6" [stack: 0x000000764a700000,0x000000764a800000] [id=43992]
  0x000001f4e6e18350 ConcurrentGCThread "G1 Refine#7" [stack: 0x000000764ad00000,0x000000764ae00000] [id=18748]
  0x000001f4ff9e2f00 ConcurrentGCThread "G1 Service" [stack: 0x0000007642000000,0x0000007642100000] [id=34232]

Threads with active compile tasks:
C2 CompilerThread0   155305 12413   !   4       org.gradle.api.internal.file.FileOrUriNotationConverter::convert (329 bytes)
C2 CompilerThread1   155305 12446   !   4       com.google.gson.internal.bind.ReflectiveTypeAdapterFactory$Adapter::read (112 bytes)
C2 CompilerThread2   155305 12531       4       org.gradle.api.specs.NotSpec::isSatisfiedBy (19 bytes)

VM state: at safepoint (normal execution)

VM Mutex/Monitor currently owned by a thread:  ([mutex/lock_event])
[0x000001f4f9b59440] Threads_lock - owner thread: 0x000001f4ffb221e0
[0x000001f4f9b57e50] Heap_lock - owner thread: 0x000001f4e67fb4f0

Heap address: 0x0000000740000000, size: 3072 MB, Compressed Oops mode: Zero based, Oop shift amount: 3

CDS archive(s) mapped at: [0x000001f49d000000-0x000001f49dbb0000-0x000001f49dbb0000), size 12255232, SharedBaseAddress: 0x000001f49d000000, ArchiveRelocationMode: 1.
Compressed class space mapped at: 0x000001f49e000000-0x000001f4de000000, reserved size: 1073741824
Narrow klass base: 0x000001f49d000000, Narrow klass shift: 0, Narrow klass range: 0x100000000

GC Precious Log:
 CPUs: 8 total, 8 available
 Memory: 16122M
 Large Page Support: Disabled
 NUMA Support: Disabled
 Compressed Oops: Enabled (Zero based)
 Heap Region Size: 2M
 Heap Min Capacity: 8M
 Heap Initial Capacity: 252M
 Heap Max Capacity: 3G
 Pre-touch: Disabled
 Parallel Workers: 8
 Concurrent Workers: 2
 Concurrent Refinement Workers: 8
 Periodic GC: Disabled

Heap:
 garbage-first heap   total 534528K, used 233702K [0x0000000740000000, 0x0000000800000000)
  region size 2048K, 5 young (10240K), 5 survivors (10240K)
 Metaspace       used 74503K, committed 75456K, reserved 1114112K
  class space    used 10310K, committed 10752K, reserved 1048576K

Heap Regions: E=young(eden), S=young(survivor), O=old, HS=humongous(starts), HC=humongous(continues), CS=collection set, F=free, OA=open archive, CA=closed archive, TAMS=top-at-mark-start (previous, next)
|   0|0x0000000740000000, 0x0000000740200000, 0x0000000740200000|100%|HS|  |TAMS 0x0000000740200000, 0x0000000740200000| Complete 
|   1|0x0000000740200000, 0x0000000740400000, 0x0000000740400000|100%|HC|  |TAMS 0x0000000740400000, 0x0000000740400000| Complete 
|   2|0x0000000740400000, 0x0000000740600000, 0x0000000740600000|100%| O|  |TAMS 0x0000000740600000, 0x0000000740600000| Untracked 
|   3|0x0000000740600000, 0x0000000740800000, 0x0000000740800000|100%| O|  |TAMS 0x0000000740800000, 0x0000000740800000| Untracked 
|   4|0x0000000740800000, 0x0000000740a00000, 0x0000000740a00000|100%| O|  |TAMS 0x0000000740a00000, 0x0000000740a00000| Untracked 
|   5|0x0000000740a00000, 0x0000000740c00000, 0x0000000740c00000|100%| O|  |TAMS 0x0000000740c00000, 0x0000000740c00000| Untracked 
|   6|0x0000000740c00000, 0x0000000740e00000, 0x0000000740e00000|100%| O|  |TAMS 0x0000000740e00000, 0x0000000740e00000| Untracked 
|   7|0x0000000740e00000, 0x0000000741000000, 0x0000000741000000|100%| O|  |TAMS 0x0000000741000000, 0x0000000741000000| Untracked 
|   8|0x0000000741000000, 0x0000000741200000, 0x0000000741200000|100%| O|  |TAMS 0x0000000741200000, 0x0000000741200000| Untracked 
|   9|0x0000000741200000, 0x0000000741400000, 0x0000000741400000|100%| O|  |TAMS 0x0000000741400000, 0x0000000741400000| Untracked 
|  10|0x0000000741400000, 0x00000007415f7800, 0x0000000741600000| 98%| O|  |TAMS 0x00000007415f7800, 0x00000007415f7800| Untracked 
|  11|0x0000000741600000, 0x0000000741800000, 0x0000000741800000|100%|HS|  |TAMS 0x0000000741800000, 0x0000000741800000| Complete 
|  12|0x0000000741800000, 0x0000000741a00000, 0x0000000741a00000|100%|HS|  |TAMS 0x0000000741a00000, 0x0000000741a00000| Complete 
|  13|0x0000000741a00000, 0x0000000741c00000, 0x0000000741c00000|100%| O|  |TAMS 0x0000000741c00000, 0x0000000741c00000| Untracked 
|  14|0x0000000741c00000, 0x0000000741e00000, 0x0000000741e00000|100%| O|  |TAMS 0x0000000741e00000, 0x0000000741e00000| Untracked 
|  15|0x0000000741e00000, 0x0000000742000000, 0x0000000742000000|100%| O|  |TAMS 0x0000000742000000, 0x0000000742000000| Untracked 
|  16|0x0000000742000000, 0x0000000742200000, 0x0000000742200000|100%| O|  |TAMS 0x0000000742200000, 0x0000000742200000| Untracked 
|  17|0x0000000742200000, 0x0000000742400000, 0x0000000742400000|100%| O|  |TAMS 0x0000000742400000, 0x0000000742400000| Untracked 
|  18|0x0000000742400000, 0x0000000742600000, 0x0000000742600000|100%| O|  |TAMS 0x0000000742600000, 0x0000000742600000| Untracked 
|  19|0x0000000742600000, 0x0000000742800000, 0x0000000742800000|100%| O|  |TAMS 0x0000000742800000, 0x0000000742800000| Untracked 
|  20|0x0000000742800000, 0x0000000742a00000, 0x0000000742a00000|100%| O|  |TAMS 0x0000000742a00000, 0x0000000742a00000| Untracked 
|  21|0x0000000742a00000, 0x0000000742c00000, 0x0000000742c00000|100%| O|  |TAMS 0x0000000742c00000, 0x0000000742c00000| Untracked 
|  22|0x0000000742c00000, 0x0000000742e00000, 0x0000000742e00000|100%| O|  |TAMS 0x0000000742e00000, 0x0000000742e00000| Untracked 
|  23|0x0000000742e00000, 0x0000000743000000, 0x0000000743000000|100%| O|  |TAMS 0x0000000743000000, 0x0000000743000000| Untracked 
|  24|0x0000000743000000, 0x0000000743200000, 0x0000000743200000|100%| O|  |TAMS 0x0000000743200000, 0x0000000743200000| Untracked 
|  25|0x0000000743200000, 0x0000000743400000, 0x0000000743400000|100%| O|  |TAMS 0x0000000743400000, 0x0000000743400000| Untracked 
|  26|0x0000000743400000, 0x0000000743600000, 0x0000000743600000|100%| O|  |TAMS 0x0000000743600000, 0x0000000743600000| Untracked 
|  27|0x0000000743600000, 0x0000000743800000, 0x0000000743800000|100%| O|  |TAMS 0x0000000743800000, 0x0000000743800000| Untracked 
|  28|0x0000000743800000, 0x0000000743a00000, 0x0000000743a00000|100%| O|  |TAMS 0x0000000743a00000, 0x0000000743a00000| Untracked 
|  29|0x0000000743a00000, 0x0000000743c00000, 0x0000000743c00000|100%| O|  |TAMS 0x0000000743a00000, 0x0000000743c00000| Untracked 
|  30|0x0000000743c00000, 0x0000000743e00000, 0x0000000743e00000|100%| O|  |TAMS 0x0000000743c00000, 0x0000000743e00000| Untracked 
|  31|0x0000000743e00000, 0x0000000744000000, 0x0000000744000000|100%| O|  |TAMS 0x0000000744000000, 0x0000000744000000| Untracked 
|  32|0x0000000744000000, 0x0000000744200000, 0x0000000744200000|100%| O|  |TAMS 0x0000000744000000, 0x0000000744200000| Untracked 
|  33|0x0000000744200000, 0x0000000744400000, 0x0000000744400000|100%| O|  |TAMS 0x0000000744400000, 0x0000000744400000| Untracked 
|  34|0x0000000744400000, 0x0000000744600000, 0x0000000744600000|100%| O|  |TAMS 0x0000000744600000, 0x0000000744600000| Untracked 
|  35|0x0000000744600000, 0x0000000744800000, 0x0000000744800000|100%| O|  |TAMS 0x0000000744600000, 0x0000000744800000| Untracked 
|  36|0x0000000744800000, 0x0000000744a00000, 0x0000000744a00000|100%| O|  |TAMS 0x0000000744800000, 0x0000000744a00000| Untracked 
|  37|0x0000000744a00000, 0x0000000744c00000, 0x0000000744c00000|100%| O|  |TAMS 0x0000000744a00000, 0x0000000744c00000| Untracked 
|  38|0x0000000744c00000, 0x0000000744e00000, 0x0000000744e00000|100%| O|  |TAMS 0x0000000744e00000, 0x0000000744e00000| Untracked 
|  39|0x0000000744e00000, 0x0000000745000000, 0x0000000745000000|100%| O|  |TAMS 0x0000000744e00000, 0x0000000745000000| Untracked 
|  40|0x0000000745000000, 0x0000000745200000, 0x0000000745200000|100%| O|  |TAMS 0x0000000745000000, 0x0000000745200000| Untracked 
|  41|0x0000000745200000, 0x0000000745400000, 0x0000000745400000|100%| O|  |TAMS 0x0000000745200000, 0x0000000745400000| Untracked 
|  42|0x0000000745400000, 0x0000000745600000, 0x0000000745600000|100%| O|  |TAMS 0x0000000745400000, 0x0000000745600000| Untracked 
|  43|0x0000000745600000, 0x0000000745800000, 0x0000000745800000|100%| O|  |TAMS 0x0000000745600000, 0x0000000745800000| Untracked 
|  44|0x0000000745800000, 0x0000000745a00000, 0x0000000745a00000|100%|HS|  |TAMS 0x0000000745a00000, 0x0000000745a00000| Complete 
|  45|0x0000000745a00000, 0x0000000745c00000, 0x0000000745c00000|100%|HC|  |TAMS 0x0000000745c00000, 0x0000000745c00000| Complete 
|  46|0x0000000745c00000, 0x0000000745e00000, 0x0000000745e00000|100%|HC|  |TAMS 0x0000000745e00000, 0x0000000745e00000| Complete 
|  47|0x0000000745e00000, 0x0000000746000000, 0x0000000746000000|100%| O|  |TAMS 0x0000000746000000, 0x0000000746000000| Untracked 
|  48|0x0000000746000000, 0x0000000746200000, 0x0000000746200000|100%| O|  |TAMS 0x0000000746200000, 0x0000000746200000| Untracked 
|  49|0x0000000746200000, 0x0000000746400000, 0x0000000746400000|100%| O|  |TAMS 0x0000000746400000, 0x0000000746400000| Untracked 
|  50|0x0000000746400000, 0x0000000746400000, 0x0000000746600000|  0%| F|  |TAMS 0x0000000746400000, 0x0000000746400000| Untracked 
|  51|0x0000000746600000, 0x0000000746600000, 0x0000000746800000|  0%| F|  |TAMS 0x0000000746600000, 0x0000000746600000| Untracked 
|  52|0x0000000746800000, 0x0000000746a00000, 0x0000000746a00000|100%| O|  |TAMS 0x0000000746800000, 0x0000000746a00000| Untracked 
|  53|0x0000000746a00000, 0x0000000746c00000, 0x0000000746c00000|100%| O|  |TAMS 0x0000000746a00000, 0x0000000746c00000| Untracked 
|  54|0x0000000746c00000, 0x0000000746e00000, 0x0000000746e00000|100%| O|  |TAMS 0x0000000746c00000, 0x0000000746e00000| Untracked 
|  55|0x0000000746e00000, 0x0000000747000000, 0x0000000747000000|100%| O|  |TAMS 0x0000000746e00000, 0x0000000747000000| Untracked 
|  56|0x0000000747000000, 0x0000000747200000, 0x0000000747200000|100%| O|  |TAMS 0x0000000747000000, 0x0000000747200000| Untracked 
|  57|0x0000000747200000, 0x0000000747400000, 0x0000000747400000|100%| O|  |TAMS 0x0000000747200000, 0x0000000747400000| Untracked 
|  58|0x0000000747400000, 0x0000000747400000, 0x0000000747600000|  0%| F|  |TAMS 0x0000000747400000, 0x0000000747400000| Untracked 
|  59|0x0000000747600000, 0x0000000747600000, 0x0000000747800000|  0%| F|  |TAMS 0x0000000747600000, 0x0000000747600000| Untracked 
|  60|0x0000000747800000, 0x0000000747800000, 0x0000000747a00000|  0%| F|  |TAMS 0x0000000747800000, 0x0000000747800000| Untracked 
|  61|0x0000000747a00000, 0x0000000747a00000, 0x0000000747c00000|  0%| F|  |TAMS 0x0000000747a00000, 0x0000000747a00000| Untracked 
|  62|0x0000000747c00000, 0x0000000747c00000, 0x0000000747e00000|  0%| F|  |TAMS 0x0000000747c00000, 0x0000000747c00000| Untracked 
|  63|0x0000000747e00000, 0x0000000747e00000, 0x0000000748000000|  0%| F|  |TAMS 0x0000000747e00000, 0x0000000747e00000| Untracked 
|  64|0x0000000748000000, 0x0000000748000000, 0x0000000748200000|  0%| F|  |TAMS 0x0000000748000000, 0x0000000748000000| Untracked 
|  65|0x0000000748200000, 0x0000000748200000, 0x0000000748400000|  0%| F|  |TAMS 0x0000000748200000, 0x0000000748200000| Untracked 
|  66|0x0000000748400000, 0x0000000748400000, 0x0000000748600000|  0%| F|  |TAMS 0x0000000748400000, 0x0000000748400000| Untracked 
|  67|0x0000000748600000, 0x0000000748600000, 0x0000000748800000|  0%| F|  |TAMS 0x0000000748600000, 0x0000000748600000| Untracked 
|  68|0x0000000748800000, 0x0000000748800000, 0x0000000748a00000|  0%| F|  |TAMS 0x0000000748800000, 0x0000000748800000| Untracked 
|  69|0x0000000748a00000, 0x0000000748c00000, 0x0000000748c00000|100%| O|  |TAMS 0x0000000748a00000, 0x0000000748c00000| Untracked 
|  70|0x0000000748c00000, 0x0000000748e00000, 0x0000000748e00000|100%| O|  |TAMS 0x0000000748c00000, 0x0000000748e00000| Untracked 
|  71|0x0000000748e00000, 0x0000000749000000, 0x0000000749000000|100%| O|  |TAMS 0x0000000748e00000, 0x0000000749000000| Untracked 
|  72|0x0000000749000000, 0x0000000749200000, 0x0000000749200000|100%| O|  |TAMS 0x0000000749000000, 0x0000000749200000| Untracked 
|  73|0x0000000749200000, 0x0000000749400000, 0x0000000749400000|100%| O|  |TAMS 0x0000000749200000, 0x0000000749400000| Untracked 
|  74|0x0000000749400000, 0x0000000749600000, 0x0000000749600000|100%| O|  |TAMS 0x0000000749400000, 0x0000000749600000| Untracked 
|  75|0x0000000749600000, 0x0000000749800000, 0x0000000749800000|100%| O|  |TAMS 0x0000000749600000, 0x0000000749800000| Untracked 
|  76|0x0000000749800000, 0x0000000749a00000, 0x0000000749a00000|100%| O|  |TAMS 0x0000000749800000, 0x0000000749a00000| Untracked 
|  77|0x0000000749a00000, 0x0000000749c00000, 0x0000000749c00000|100%| O|  |TAMS 0x0000000749a00000, 0x0000000749c00000| Untracked 
|  78|0x0000000749c00000, 0x0000000749e00000, 0x0000000749e00000|100%| O|  |TAMS 0x0000000749c00000, 0x0000000749e00000| Untracked 
|  79|0x0000000749e00000, 0x000000074a000000, 0x000000074a000000|100%| O|  |TAMS 0x0000000749e00000, 0x000000074a000000| Untracked 
|  80|0x000000074a000000, 0x000000074a200000, 0x000000074a200000|100%| O|  |TAMS 0x000000074a000000, 0x000000074a200000| Untracked 
|  81|0x000000074a200000, 0x000000074a400000, 0x000000074a400000|100%| O|  |TAMS 0x000000074a200000, 0x000000074a400000| Untracked 
|  82|0x000000074a400000, 0x000000074a600000, 0x000000074a600000|100%| O|  |TAMS 0x000000074a400000, 0x000000074a600000| Untracked 
|  83|0x000000074a600000, 0x000000074a800000, 0x000000074a800000|100%| O|  |TAMS 0x000000074a600000, 0x000000074a800000| Untracked 
|  84|0x000000074a800000, 0x000000074aa00000, 0x000000074aa00000|100%| O|  |TAMS 0x000000074a800000, 0x000000074aa00000| Untracked 
|  85|0x000000074aa00000, 0x000000074abe8200, 0x000000074ac00000| 95%| O|  |TAMS 0x000000074aa00000, 0x000000074abe8200| Untracked 
|  86|0x000000074ac00000, 0x000000074ac00000, 0x000000074ae00000|  0%| F|  |TAMS 0x000000074ac00000, 0x000000074ac00000| Untracked 
|  87|0x000000074ae00000, 0x000000074ae00000, 0x000000074b000000|  0%| F|  |TAMS 0x000000074ae00000, 0x000000074ae00000| Untracked 
|  88|0x000000074b000000, 0x000000074b000000, 0x000000074b200000|  0%| F|  |TAMS 0x000000074b000000, 0x000000074b000000| Untracked 
|  89|0x000000074b200000, 0x000000074b200000, 0x000000074b400000|  0%| F|  |TAMS 0x000000074b200000, 0x000000074b200000| Untracked 
|  90|0x000000074b400000, 0x000000074b400000, 0x000000074b600000|  0%| F|  |TAMS 0x000000074b400000, 0x000000074b400000| Untracked 
|  91|0x000000074b600000, 0x000000074b600000, 0x000000074b800000|  0%| F|  |TAMS 0x000000074b600000, 0x000000074b600000| Untracked 
|  92|0x000000074b800000, 0x000000074b800000, 0x000000074ba00000|  0%| F|  |TAMS 0x000000074b800000, 0x000000074b800000| Untracked 
|  93|0x000000074ba00000, 0x000000074ba00000, 0x000000074bc00000|  0%| F|  |TAMS 0x000000074ba00000, 0x000000074ba00000| Untracked 
|  94|0x000000074bc00000, 0x000000074bc00000, 0x000000074be00000|  0%| F|  |TAMS 0x000000074bc00000, 0x000000074bc00000| Untracked 
|  95|0x000000074be00000, 0x000000074be00000, 0x000000074c000000|  0%| F|  |TAMS 0x000000074be00000, 0x000000074be00000| Untracked 
|  96|0x000000074c000000, 0x000000074c000000, 0x000000074c200000|  0%| F|  |TAMS 0x000000074c000000, 0x000000074c000000| Untracked 
|  97|0x000000074c200000, 0x000000074c200000, 0x000000074c400000|  0%| F|  |TAMS 0x000000074c200000, 0x000000074c200000| Untracked 
|  98|0x000000074c400000, 0x000000074c400000, 0x000000074c600000|  0%| F|  |TAMS 0x000000074c400000, 0x000000074c400000| Untracked 
|  99|0x000000074c600000, 0x000000074c600000, 0x000000074c800000|  0%| F|  |TAMS 0x000000074c600000, 0x000000074c600000| Untracked 
| 100|0x000000074c800000, 0x000000074c800000, 0x000000074ca00000|  0%| F|  |TAMS 0x000000074c800000, 0x000000074c800000| Untracked 
| 101|0x000000074ca00000, 0x000000074ca00000, 0x000000074cc00000|  0%| F|  |TAMS 0x000000074ca00000, 0x000000074ca00000| Untracked 
| 102|0x000000074cc00000, 0x000000074cc00000, 0x000000074ce00000|  0%| F|  |TAMS 0x000000074cc00000, 0x000000074cc00000| Untracked 
| 103|0x000000074ce00000, 0x000000074ce00000, 0x000000074d000000|  0%| F|  |TAMS 0x000000074ce00000, 0x000000074ce00000| Untracked 
| 104|0x000000074d000000, 0x000000074d200000, 0x000000074d200000|100%| O|  |TAMS 0x000000074d000000, 0x000000074d200000| Untracked 
| 105|0x000000074d200000, 0x000000074d400000, 0x000000074d400000|100%| O|  |TAMS 0x000000074d200000, 0x000000074d400000| Untracked 
| 106|0x000000074d400000, 0x000000074d600000, 0x000000074d600000|100%| O|  |TAMS 0x000000074d400000, 0x000000074d600000| Untracked 
| 107|0x000000074d600000, 0x000000074d800000, 0x000000074d800000|100%| O|  |TAMS 0x000000074d600000, 0x000000074d800000| Untracked 
| 108|0x000000074d800000, 0x000000074da00000, 0x000000074da00000|100%| O|  |TAMS 0x000000074d800000, 0x000000074da00000| Untracked 
| 109|0x000000074da00000, 0x000000074dc00000, 0x000000074dc00000|100%| O|  |TAMS 0x000000074da00000, 0x000000074dc00000| Untracked 
| 110|0x000000074dc00000, 0x000000074de00000, 0x000000074de00000|100%| O|  |TAMS 0x000000074dc00000, 0x000000074de00000| Untracked 
| 111|0x000000074de00000, 0x000000074e000000, 0x000000074e000000|100%| O|  |TAMS 0x000000074de00000, 0x000000074e000000| Untracked 
| 112|0x000000074e000000, 0x000000074e200000, 0x000000074e200000|100%| O|  |TAMS 0x000000074e000000, 0x000000074e200000| Untracked 
| 113|0x000000074e200000, 0x000000074e400000, 0x000000074e400000|100%| O|  |TAMS 0x000000074e200000, 0x000000074e400000| Untracked 
| 114|0x000000074e400000, 0x000000074e600000, 0x000000074e600000|100%| O|  |TAMS 0x000000074e400000, 0x000000074e600000| Untracked 
| 115|0x000000074e600000, 0x000000074e800000, 0x000000074e800000|100%| O|  |TAMS 0x000000074e600000, 0x000000074e800000| Untracked 
| 116|0x000000074e800000, 0x000000074ea00000, 0x000000074ea00000|100%| O|  |TAMS 0x000000074e800000, 0x000000074ea00000| Untracked 
| 117|0x000000074ea00000, 0x000000074ec00000, 0x000000074ec00000|100%| O|  |TAMS 0x000000074ea00000, 0x000000074ec00000| Untracked 
| 118|0x000000074ec00000, 0x000000074ee00000, 0x000000074ee00000|100%| O|  |TAMS 0x000000074ec00000, 0x000000074ee00000| Untracked 
| 119|0x000000074ee00000, 0x000000074f000000, 0x000000074f000000|100%| O|  |TAMS 0x000000074ee00000, 0x000000074f000000| Untracked 
| 120|0x000000074f000000, 0x000000074f200000, 0x000000074f200000|100%| O|  |TAMS 0x000000074f000000, 0x000000074f200000| Untracked 
| 121|0x000000074f200000, 0x000000074f400000, 0x000000074f400000|100%| O|  |TAMS 0x000000074f200000, 0x000000074f400000| Untracked 
| 122|0x000000074f400000, 0x000000074f600000, 0x000000074f600000|100%| O|  |TAMS 0x000000074f400000, 0x000000074f600000| Untracked 
| 123|0x000000074f600000, 0x000000074f800000, 0x000000074f800000|100%| O|  |TAMS 0x000000074f600000, 0x000000074f800000| Untracked 
| 124|0x000000074f800000, 0x000000074f800000, 0x000000074fa00000|  0%| F|  |TAMS 0x000000074f800000, 0x000000074f800000| Untracked 
| 125|0x000000074fa00000, 0x000000074fa00000, 0x000000074fc00000|  0%| F|  |TAMS 0x000000074fa00000, 0x000000074fa00000| Untracked 
| 126|0x000000074fc00000, 0x000000074fc00000, 0x000000074fe00000|  0%| F|  |TAMS 0x000000074fc00000, 0x000000074fc00000| Untracked 
| 127|0x000000074fe00000, 0x000000074fe00000, 0x0000000750000000|  0%| F|  |TAMS 0x000000074fe00000, 0x000000074fe00000| Untracked 
| 128|0x0000000750000000, 0x0000000750000000, 0x0000000750200000|  0%| F|  |TAMS 0x0000000750000000, 0x0000000750000000| Untracked 
| 129|0x0000000750200000, 0x0000000750200000, 0x0000000750400000|  0%| F|  |TAMS 0x0000000750200000, 0x0000000750200000| Untracked 
| 130|0x0000000750400000, 0x0000000750400000, 0x0000000750600000|  0%| F|  |TAMS 0x0000000750400000, 0x0000000750400000| Untracked 
| 131|0x0000000750600000, 0x0000000750600000, 0x0000000750800000|  0%| F|  |TAMS 0x0000000750600000, 0x0000000750600000| Untracked 
| 132|0x0000000750800000, 0x0000000750800000, 0x0000000750a00000|  0%| F|  |TAMS 0x0000000750800000, 0x0000000750800000| Untracked 
| 133|0x0000000750a00000, 0x0000000750a00000, 0x0000000750c00000|  0%| F|  |TAMS 0x0000000750a00000, 0x0000000750a00000| Untracked 
| 134|0x0000000750c00000, 0x0000000750c00000, 0x0000000750e00000|  0%| F|  |TAMS 0x0000000750c00000, 0x0000000750c00000| Untracked 
| 135|0x0000000750e00000, 0x0000000750e00000, 0x0000000751000000|  0%| F|  |TAMS 0x0000000750e00000, 0x0000000750e00000| Untracked 
| 136|0x0000000751000000, 0x0000000751000000, 0x0000000751200000|  0%| F|  |TAMS 0x0000000751000000, 0x0000000751000000| Untracked 
| 137|0x0000000751200000, 0x0000000751200000, 0x0000000751400000|  0%| F|  |TAMS 0x0000000751200000, 0x0000000751200000| Untracked 
| 138|0x0000000751400000, 0x0000000751400000, 0x0000000751600000|  0%| F|  |TAMS 0x0000000751400000, 0x0000000751400000| Untracked 
| 139|0x0000000751600000, 0x0000000751600000, 0x0000000751800000|  0%| F|  |TAMS 0x0000000751600000, 0x0000000751600000| Untracked 
| 140|0x0000000751800000, 0x0000000751800000, 0x0000000751a00000|  0%| F|  |TAMS 0x0000000751800000, 0x0000000751800000| Untracked 
| 141|0x0000000751a00000, 0x0000000751a00000, 0x0000000751c00000|  0%| F|  |TAMS 0x0000000751a00000, 0x0000000751a00000| Untracked 
| 142|0x0000000751c00000, 0x0000000751c00000, 0x0000000751e00000|  0%| F|  |TAMS 0x0000000751c00000, 0x0000000751c00000| Untracked 
| 143|0x0000000751e00000, 0x0000000751e00000, 0x0000000752000000|  0%| F|  |TAMS 0x0000000751e00000, 0x0000000751e00000| Untracked 
| 144|0x0000000752000000, 0x0000000752000000, 0x0000000752200000|  0%| F|  |TAMS 0x0000000752000000, 0x0000000752000000| Untracked 
| 145|0x0000000752200000, 0x0000000752200000, 0x0000000752400000|  0%| F|  |TAMS 0x0000000752200000, 0x0000000752200000| Untracked 
| 146|0x0000000752400000, 0x0000000752400000, 0x0000000752600000|  0%| F|  |TAMS 0x0000000752400000, 0x0000000752400000| Untracked 
| 147|0x0000000752600000, 0x0000000752600000, 0x0000000752800000|  0%| F|  |TAMS 0x0000000752600000, 0x0000000752600000| Untracked 
| 148|0x0000000752800000, 0x0000000752800000, 0x0000000752a00000|  0%| F|  |TAMS 0x0000000752800000, 0x0000000752800000| Untracked 
| 149|0x0000000752a00000, 0x0000000752a00000, 0x0000000752c00000|  0%| F|  |TAMS 0x0000000752a00000, 0x0000000752a00000| Untracked 
| 150|0x0000000752c00000, 0x0000000752c00000, 0x0000000752e00000|  0%| F|  |TAMS 0x0000000752c00000, 0x0000000752c00000| Untracked 
| 151|0x0000000752e00000, 0x0000000752e00000, 0x0000000753000000|  0%| F|  |TAMS 0x0000000752e00000, 0x0000000752e00000| Untracked 
| 152|0x0000000753000000, 0x0000000753000000, 0x0000000753200000|  0%| F|  |TAMS 0x0000000753000000, 0x0000000753000000| Untracked 
| 153|0x0000000753200000, 0x0000000753200000, 0x0000000753400000|  0%| F|  |TAMS 0x0000000753200000, 0x0000000753200000| Untracked 
| 154|0x0000000753400000, 0x0000000753400000, 0x0000000753600000|  0%| F|  |TAMS 0x0000000753400000, 0x0000000753400000| Untracked 
| 155|0x0000000753600000, 0x0000000753600000, 0x0000000753800000|  0%| F|  |TAMS 0x0000000753600000, 0x0000000753600000| Untracked 
| 156|0x0000000753800000, 0x0000000753800000, 0x0000000753a00000|  0%| F|  |TAMS 0x0000000753800000, 0x0000000753800000| Untracked 
| 157|0x0000000753a00000, 0x0000000753a00000, 0x0000000753c00000|  0%| F|  |TAMS 0x0000000753a00000, 0x0000000753a00000| Untracked 
| 158|0x0000000753c00000, 0x0000000753c00000, 0x0000000753e00000|  0%| F|  |TAMS 0x0000000753c00000, 0x0000000753c00000| Untracked 
| 159|0x0000000753e00000, 0x0000000753e00000, 0x0000000754000000|  0%| F|  |TAMS 0x0000000753e00000, 0x0000000753e00000| Untracked 
| 160|0x0000000754000000, 0x0000000754000000, 0x0000000754200000|  0%| F|  |TAMS 0x0000000754000000, 0x0000000754000000| Untracked 
| 161|0x0000000754200000, 0x0000000754200000, 0x0000000754400000|  0%| F|  |TAMS 0x0000000754200000, 0x0000000754200000| Untracked 
| 162|0x0000000754400000, 0x0000000754400000, 0x0000000754600000|  0%| F|  |TAMS 0x0000000754400000, 0x0000000754400000| Untracked 
| 163|0x0000000754600000, 0x0000000754600000, 0x0000000754800000|  0%| F|  |TAMS 0x0000000754600000, 0x0000000754600000| Untracked 
| 164|0x0000000754800000, 0x0000000754800000, 0x0000000754a00000|  0%| F|  |TAMS 0x0000000754800000, 0x0000000754800000| Untracked 
| 165|0x0000000754a00000, 0x0000000754a00000, 0x0000000754c00000|  0%| F|  |TAMS 0x0000000754a00000, 0x0000000754a00000| Untracked 
| 166|0x0000000754c00000, 0x0000000754c00000, 0x0000000754e00000|  0%| F|  |TAMS 0x0000000754c00000, 0x0000000754c00000| Untracked 
| 167|0x0000000754e00000, 0x0000000754e00000, 0x0000000755000000|  0%| F|  |TAMS 0x0000000754e00000, 0x0000000754e00000| Untracked 
| 168|0x0000000755000000, 0x0000000755000000, 0x0000000755200000|  0%| F|  |TAMS 0x0000000755000000, 0x0000000755000000| Untracked 
| 169|0x0000000755200000, 0x0000000755200000, 0x0000000755400000|  0%| F|  |TAMS 0x0000000755200000, 0x0000000755200000| Untracked 
| 170|0x0000000755400000, 0x0000000755400000, 0x0000000755600000|  0%| F|  |TAMS 0x0000000755400000, 0x0000000755400000| Untracked 
| 171|0x0000000755600000, 0x0000000755600000, 0x0000000755800000|  0%| F|  |TAMS 0x0000000755600000, 0x0000000755600000| Untracked 
| 172|0x0000000755800000, 0x0000000755800000, 0x0000000755a00000|  0%| F|  |TAMS 0x0000000755800000, 0x0000000755800000| Untracked 
| 173|0x0000000755a00000, 0x0000000755a00000, 0x0000000755c00000|  0%| F|  |TAMS 0x0000000755a00000, 0x0000000755a00000| Untracked 
| 174|0x0000000755c00000, 0x0000000755c00000, 0x0000000755e00000|  0%| F|  |TAMS 0x0000000755c00000, 0x0000000755c00000| Untracked 
| 175|0x0000000755e00000, 0x0000000755e00000, 0x0000000756000000|  0%| F|  |TAMS 0x0000000755e00000, 0x0000000755e00000| Untracked 
| 176|0x0000000756000000, 0x0000000756000000, 0x0000000756200000|  0%| F|  |TAMS 0x0000000756000000, 0x0000000756000000| Untracked 
| 177|0x0000000756200000, 0x0000000756200000, 0x0000000756400000|  0%| F|  |TAMS 0x0000000756200000, 0x0000000756200000| Untracked 
| 178|0x0000000756400000, 0x0000000756400000, 0x0000000756600000|  0%| F|  |TAMS 0x0000000756400000, 0x0000000756400000| Untracked 
| 179|0x0000000756600000, 0x0000000756600000, 0x0000000756800000|  0%| F|  |TAMS 0x0000000756600000, 0x0000000756600000| Untracked 
| 180|0x0000000756800000, 0x0000000756800000, 0x0000000756a00000|  0%| F|  |TAMS 0x0000000756800000, 0x0000000756800000| Untracked 
| 181|0x0000000756a00000, 0x0000000756a00000, 0x0000000756c00000|  0%| F|  |TAMS 0x0000000756a00000, 0x0000000756a00000| Untracked 
| 182|0x0000000756c00000, 0x0000000756c00000, 0x0000000756e00000|  0%| F|  |TAMS 0x0000000756c00000, 0x0000000756c00000| Untracked 
| 183|0x0000000756e00000, 0x0000000756e00000, 0x0000000757000000|  0%| F|  |TAMS 0x0000000756e00000, 0x0000000756e00000| Untracked 
| 184|0x0000000757000000, 0x0000000757000000, 0x0000000757200000|  0%| F|  |TAMS 0x0000000757000000, 0x0000000757000000| Untracked 
| 185|0x0000000757200000, 0x0000000757200000, 0x0000000757400000|  0%| F|  |TAMS 0x0000000757200000, 0x0000000757200000| Untracked 
| 186|0x0000000757400000, 0x0000000757400000, 0x0000000757600000|  0%| F|  |TAMS 0x0000000757400000, 0x0000000757400000| Untracked 
| 187|0x0000000757600000, 0x0000000757600000, 0x0000000757800000|  0%| F|  |TAMS 0x0000000757600000, 0x0000000757600000| Untracked 
| 188|0x0000000757800000, 0x0000000757800000, 0x0000000757a00000|  0%| F|  |TAMS 0x0000000757800000, 0x0000000757800000| Untracked 
| 189|0x0000000757a00000, 0x0000000757a00000, 0x0000000757c00000|  0%| F|  |TAMS 0x0000000757a00000, 0x0000000757a00000| Untracked 
| 190|0x0000000757c00000, 0x0000000757c00000, 0x0000000757e00000|  0%| F|  |TAMS 0x0000000757c00000, 0x0000000757c00000| Untracked 
| 191|0x0000000757e00000, 0x0000000757e00000, 0x0000000758000000|  0%| F|  |TAMS 0x0000000757e00000, 0x0000000757e00000| Untracked 
| 192|0x0000000758000000, 0x0000000758000000, 0x0000000758200000|  0%| F|  |TAMS 0x0000000758000000, 0x0000000758000000| Untracked 
| 193|0x0000000758200000, 0x0000000758200000, 0x0000000758400000|  0%| F|  |TAMS 0x0000000758200000, 0x0000000758200000| Untracked 
| 194|0x0000000758400000, 0x0000000758400000, 0x0000000758600000|  0%| F|  |TAMS 0x0000000758400000, 0x0000000758400000| Untracked 
| 195|0x0000000758600000, 0x0000000758600000, 0x0000000758800000|  0%| F|  |TAMS 0x0000000758600000, 0x0000000758600000| Untracked 
| 196|0x0000000758800000, 0x0000000758800000, 0x0000000758a00000|  0%| F|  |TAMS 0x0000000758800000, 0x0000000758800000| Untracked 
| 197|0x0000000758a00000, 0x0000000758a00000, 0x0000000758c00000|  0%| F|  |TAMS 0x0000000758a00000, 0x0000000758a00000| Untracked 
| 198|0x0000000758c00000, 0x0000000758c00000, 0x0000000758e00000|  0%| F|  |TAMS 0x0000000758c00000, 0x0000000758c00000| Untracked 
| 199|0x0000000758e00000, 0x0000000758e00000, 0x0000000759000000|  0%| F|  |TAMS 0x0000000758e00000, 0x0000000758e00000| Untracked 
| 200|0x0000000759000000, 0x0000000759000000, 0x0000000759200000|  0%| F|  |TAMS 0x0000000759000000, 0x0000000759000000| Untracked 
| 201|0x0000000759200000, 0x0000000759200000, 0x0000000759400000|  0%| F|  |TAMS 0x0000000759200000, 0x0000000759200000| Untracked 
| 202|0x0000000759400000, 0x0000000759400000, 0x0000000759600000|  0%| F|  |TAMS 0x0000000759400000, 0x0000000759400000| Untracked 
| 203|0x0000000759600000, 0x0000000759600000, 0x0000000759800000|  0%| F|  |TAMS 0x0000000759600000, 0x0000000759600000| Untracked 
| 204|0x0000000759800000, 0x0000000759800000, 0x0000000759a00000|  0%| F|  |TAMS 0x0000000759800000, 0x0000000759800000| Untracked 
| 205|0x0000000759a00000, 0x0000000759a00000, 0x0000000759c00000|  0%| F|  |TAMS 0x0000000759a00000, 0x0000000759a00000| Untracked 
| 206|0x0000000759c00000, 0x0000000759c00000, 0x0000000759e00000|  0%| F|  |TAMS 0x0000000759c00000, 0x0000000759c00000| Untracked 
| 207|0x0000000759e00000, 0x0000000759e00000, 0x000000075a000000|  0%| F|  |TAMS 0x0000000759e00000, 0x0000000759e00000| Untracked 
| 208|0x000000075a000000, 0x000000075a000000, 0x000000075a200000|  0%| F|  |TAMS 0x000000075a000000, 0x000000075a000000| Untracked 
| 209|0x000000075a200000, 0x000000075a200000, 0x000000075a400000|  0%| F|  |TAMS 0x000000075a200000, 0x000000075a200000| Untracked 
| 210|0x000000075a400000, 0x000000075a400000, 0x000000075a600000|  0%| F|  |TAMS 0x000000075a400000, 0x000000075a400000| Untracked 
| 211|0x000000075a600000, 0x000000075a600000, 0x000000075a800000|  0%| F|  |TAMS 0x000000075a600000, 0x000000075a600000| Untracked 
| 212|0x000000075a800000, 0x000000075a800000, 0x000000075aa00000|  0%| F|  |TAMS 0x000000075a800000, 0x000000075a800000| Untracked 
| 213|0x000000075aa00000, 0x000000075aa00000, 0x000000075ac00000|  0%| F|  |TAMS 0x000000075aa00000, 0x000000075aa00000| Untracked 
| 214|0x000000075ac00000, 0x000000075ac00000, 0x000000075ae00000|  0%| F|  |TAMS 0x000000075ac00000, 0x000000075ac00000| Untracked 
| 215|0x000000075ae00000, 0x000000075ae00000, 0x000000075b000000|  0%| F|  |TAMS 0x000000075ae00000, 0x000000075ae00000| Untracked 
| 216|0x000000075b000000, 0x000000075b000000, 0x000000075b200000|  0%| F|  |TAMS 0x000000075b000000, 0x000000075b000000| Untracked 
| 217|0x000000075b200000, 0x000000075b200000, 0x000000075b400000|  0%| F|  |TAMS 0x000000075b200000, 0x000000075b200000| Untracked 
| 218|0x000000075b400000, 0x000000075b400000, 0x000000075b600000|  0%| F|  |TAMS 0x000000075b400000, 0x000000075b400000| Untracked 
| 219|0x000000075b600000, 0x000000075b600000, 0x000000075b800000|  0%| F|  |TAMS 0x000000075b600000, 0x000000075b600000| Untracked 
| 220|0x000000075b800000, 0x000000075b800000, 0x000000075ba00000|  0%| F|  |TAMS 0x000000075b800000, 0x000000075b800000| Untracked 
| 221|0x000000075ba00000, 0x000000075ba00000, 0x000000075bc00000|  0%| F|  |TAMS 0x000000075ba00000, 0x000000075ba00000| Untracked 
| 222|0x000000075bc00000, 0x000000075bc00000, 0x000000075be00000|  0%| F|  |TAMS 0x000000075bc00000, 0x000000075bc00000| Untracked 
| 223|0x000000075be00000, 0x000000075be00000, 0x000000075c000000|  0%| F|  |TAMS 0x000000075be00000, 0x000000075be00000| Untracked 
| 224|0x000000075c000000, 0x000000075c000000, 0x000000075c200000|  0%| F|  |TAMS 0x000000075c000000, 0x000000075c000000| Untracked 
| 225|0x000000075c200000, 0x000000075c200000, 0x000000075c400000|  0%| F|  |TAMS 0x000000075c200000, 0x000000075c200000| Untracked 
| 226|0x000000075c400000, 0x000000075c400000, 0x000000075c600000|  0%| F|  |TAMS 0x000000075c400000, 0x000000075c400000| Untracked 
| 227|0x000000075c600000, 0x000000075c600000, 0x000000075c800000|  0%| F|  |TAMS 0x000000075c600000, 0x000000075c600000| Untracked 
| 228|0x000000075c800000, 0x000000075c800000, 0x000000075ca00000|  0%| F|  |TAMS 0x000000075c800000, 0x000000075c800000| Untracked 
| 229|0x000000075ca00000, 0x000000075ca59fb0, 0x000000075cc00000| 17%| S|CS|TAMS 0x000000075ca00000, 0x000000075ca00000| Complete 
| 230|0x000000075cc00000, 0x000000075ce00000, 0x000000075ce00000|100%| S|CS|TAMS 0x000000075cc00000, 0x000000075cc00000| Complete 
| 231|0x000000075ce00000, 0x000000075d000000, 0x000000075d000000|100%| S|CS|TAMS 0x000000075ce00000, 0x000000075ce00000| Complete 
| 232|0x000000075d000000, 0x000000075d200000, 0x000000075d200000|100%| S|CS|TAMS 0x000000075d000000, 0x000000075d000000| Complete 
| 233|0x000000075d200000, 0x000000075d400000, 0x000000075d400000|100%| S|CS|TAMS 0x000000075d200000, 0x000000075d200000| Complete 
| 234|0x000000075d400000, 0x000000075d400000, 0x000000075d600000|  0%| F|  |TAMS 0x000000075d400000, 0x000000075d400000| Untracked 
| 235|0x000000075d600000, 0x000000075d600000, 0x000000075d800000|  0%| F|  |TAMS 0x000000075d600000, 0x000000075d600000| Untracked 
| 236|0x000000075d800000, 0x000000075d800000, 0x000000075da00000|  0%| F|  |TAMS 0x000000075d800000, 0x000000075d800000| Untracked 
| 237|0x000000075da00000, 0x000000075da00000, 0x000000075dc00000|  0%| F|  |TAMS 0x000000075da00000, 0x000000075da00000| Untracked 
| 238|0x000000075dc00000, 0x000000075dc00000, 0x000000075de00000|  0%| F|  |TAMS 0x000000075dc00000, 0x000000075dc00000| Untracked 
| 239|0x000000075de00000, 0x000000075de00000, 0x000000075e000000|  0%| F|  |TAMS 0x000000075de00000, 0x000000075de00000| Untracked 
| 240|0x000000075e000000, 0x000000075e000000, 0x000000075e200000|  0%| F|  |TAMS 0x000000075e000000, 0x000000075e000000| Untracked 
| 241|0x000000075e200000, 0x000000075e200000, 0x000000075e400000|  0%| F|  |TAMS 0x000000075e200000, 0x000000075e200000| Untracked 
| 242|0x000000075e400000, 0x000000075e400000, 0x000000075e600000|  0%| F|  |TAMS 0x000000075e400000, 0x000000075e400000| Untracked 
| 243|0x000000075e600000, 0x000000075e600000, 0x000000075e800000|  0%| F|  |TAMS 0x000000075e600000, 0x000000075e600000| Untracked 
|1519|0x00000007fde00000, 0x00000007fe000000, 0x00000007fe000000|100%| O|  |TAMS 0x00000007fde64e00, 0x00000007fe000000| Untracked 
|1520|0x00000007fe000000, 0x00000007fe200000, 0x00000007fe200000|100%| O|  |TAMS 0x00000007fe200000, 0x00000007fe200000| Untracked 
|1521|0x00000007fe200000, 0x00000007fe400000, 0x00000007fe400000|100%| O|  |TAMS 0x00000007fe400000, 0x00000007fe400000| Untracked 
|1522|0x00000007fe400000, 0x00000007fe600000, 0x00000007fe600000|100%| O|  |TAMS 0x00000007fe600000, 0x00000007fe600000| Untracked 
|1523|0x00000007fe600000, 0x00000007fe800000, 0x00000007fe800000|100%| O|  |TAMS 0x00000007fe800000, 0x00000007fe800000| Untracked 
|1524|0x00000007fe800000, 0x00000007fea00000, 0x00000007fea00000|100%| O|  |TAMS 0x00000007fea00000, 0x00000007fea00000| Untracked 
|1525|0x00000007fea00000, 0x00000007fec00000, 0x00000007fec00000|100%| O|  |TAMS 0x00000007fec00000, 0x00000007fec00000| Untracked 
|1526|0x00000007fec00000, 0x00000007fee00000, 0x00000007fee00000|100%| O|  |TAMS 0x00000007fee00000, 0x00000007fee00000| Untracked 
|1527|0x00000007fee00000, 0x00000007ff000000, 0x00000007ff000000|100%| O|  |TAMS 0x00000007ff000000, 0x00000007ff000000| Untracked 
|1528|0x00000007ff000000, 0x00000007ff200000, 0x00000007ff200000|100%| O|  |TAMS 0x00000007ff200000, 0x00000007ff200000| Untracked 
|1529|0x00000007ff200000, 0x00000007ff400000, 0x00000007ff400000|100%| O|  |TAMS 0x00000007ff400000, 0x00000007ff400000| Untracked 
|1530|0x00000007ff400000, 0x00000007ff600000, 0x00000007ff600000|100%| O|  |TAMS 0x00000007ff600000, 0x00000007ff600000| Untracked 
|1531|0x00000007ff600000, 0x00000007ff800000, 0x00000007ff800000|100%| O|  |TAMS 0x00000007ff800000, 0x00000007ff800000| Untracked 
|1532|0x00000007ff800000, 0x00000007ffa00000, 0x00000007ffa00000|100%| O|  |TAMS 0x00000007ffa00000, 0x00000007ffa00000| Untracked 
|1533|0x00000007ffa00000, 0x00000007ffc00000, 0x00000007ffc00000|100%| O|  |TAMS 0x00000007ffc00000, 0x00000007ffc00000| Untracked 
|1534|0x00000007ffc00000, 0x00000007ffe00000, 0x00000007ffe00000|100%| O|  |TAMS 0x00000007ffe00000, 0x00000007ffe00000| Untracked 
|1535|0x00000007ffe00000, 0x0000000800000000, 0x0000000800000000|100%| O|  |TAMS 0x0000000800000000, 0x0000000800000000| Untracked 

Card table byte_map: [0x000001f4fc470000,0x000001f4fca70000] _byte_map_base: 0x000001f4f8a70000

Marking Bits (Prev, Next): (CMBitMap*) 0x000001f4f9bb5fd0, (CMBitMap*) 0x000001f4f9bb6010
 Prev Bits: [0x000001f496aa0000, 0x000001f499aa0000)
 Next Bits: [0x000001f499aa0000, 0x000001f49caa0000)

Polling page: 0x000001f4f9c20000

Metaspace:

Usage:
  Non-class:     62.69 MB used.
      Class:     10.07 MB used.
       Both:     72.76 MB used.

Virtual space:
  Non-class space:       64.00 MB reserved,      63.19 MB ( 99%) committed,  1 nodes.
      Class space:        1.00 GB reserved,      10.50 MB (  1%) committed,  1 nodes.
             Both:        1.06 GB reserved,      73.69 MB (  7%) committed. 

Chunk freelists:
   Non-Class:  736.00 KB
       Class:  5.48 MB
        Both:  6.20 MB

MaxMetaspaceSize: unlimited
CompressedClassSpaceSize: 1.00 GB
Initial GC threshold: 21.00 MB
Current GC threshold: 118.75 MB
CDS: on
MetaspaceReclaimPolicy: balanced
 - commit_granule_bytes: 65536.
 - commit_granule_words: 8192.
 - virtual_space_node_default_size: 8388608.
 - enlarge_chunks_in_place: 1.
 - new_chunks_are_fully_committed: 0.
 - uncommit_free_chunks: 1.
 - use_allocation_guard: 0.
 - handle_deallocations: 1.


Internal statistics:

num_allocs_failed_limit: 9.
num_arena_births: 1036.
num_arena_deaths: 4.
num_vsnodes_births: 2.
num_vsnodes_deaths: 0.
num_space_committed: 1179.
num_space_uncommitted: 0.
num_chunks_returned_to_freelist: 15.
num_chunks_taken_from_freelist: 4136.
num_chunk_merges: 10.
num_chunk_splits: 2536.
num_chunks_enlarged: 1487.
num_inconsistent_stats: 0.

CodeHeap 'non-profiled nmethods': size=120000Kb used=7709Kb max_used=7709Kb free=112290Kb
 bounds [0x000001f48f570000, 0x000001f48fd00000, 0x000001f496aa0000]
CodeHeap 'profiled nmethods': size=120000Kb used=21478Kb max_used=21478Kb free=98521Kb
 bounds [0x000001f487aa0000, 0x000001f488fa0000, 0x000001f48efd0000]
CodeHeap 'non-nmethods': size=5760Kb used=2400Kb max_used=2464Kb free=3359Kb
 bounds [0x000001f48efd0000, 0x000001f48f250000, 0x000001f48f570000]
 total_blobs=11830 nmethods=10914 adapters=828
 compilation: enabled
              stopped_count=0, restarted_count=0
 full_count=0

Compilation events (20 events):
Event: 155.274 Thread 0x000001f4ffb50700 12554       1       net.minecraftforge.artifactural.base.artifact.SimpleArtifactIdentifier::getClassifier (5 bytes)
Event: 155.274 Thread 0x000001f4ffb50700 nmethod 12554 0x000001f48fcf6010 code [0x000001f48fcf61a0, 0x000001f48fcf6278]
Event: 155.274 Thread 0x000001f4ffb50700 12555       3       java.util.regex.Pattern::namedGroups (25 bytes)
Event: 155.275 Thread 0x000001f4ffb50700 nmethod 12555 0x000001f488f97e90 code [0x000001f488f98060, 0x000001f488f98328]
Event: 155.277 Thread 0x000001f4e7517d90 nmethod 12553 0x000001f48fcf6310 code [0x000001f48fcf64e0, 0x000001f48fcf69f8]
Event: 155.277 Thread 0x000001f4e7517d90 12531       4       org.gradle.api.specs.NotSpec::isSatisfiedBy (19 bytes)
Event: 155.279 Thread 0x000001f4ffb50700 12556       1       net.minecraftforge.artifactural.base.artifact.SimpleArtifactIdentifier::getGroup (5 bytes)
Event: 155.279 Thread 0x000001f4ffb50700 nmethod 12556 0x000001f48fcf6e90 code [0x000001f48fcf7020, 0x000001f48fcf70f8]
Event: 155.279 Thread 0x000001f4ffb50700 12557       1       net.minecraftforge.artifactural.base.artifact.SimpleArtifactIdentifier::getVersion (5 bytes)
Event: 155.279 Thread 0x000001f4ffb50700 nmethod 12557 0x000001f48fcf7190 code [0x000001f48fcf7320, 0x000001f48fcf73f8]
Event: 155.280 Thread 0x000001f4ffb50700 12558       3       net.minecraftforge.gradle.common.util.MavenArtifactDownloader$$Lambda$1418/0x000001f49e94ccc8::accept (20 bytes)
Event: 155.280 Thread 0x000001f4ffb50700 nmethod 12558 0x000001f488f98410 code [0x000001f488f985c0, 0x000001f488f98828]
Event: 155.280 Thread 0x000001f4ffb50700 12559       3       net.minecraftforge.gradle.common.util.MavenArtifactDownloader::lambda$_download$0 (51 bytes)
Event: 155.280 Thread 0x000001f4ffb50700 nmethod 12559 0x000001f488f98910 code [0x000001f488f98b20, 0x000001f488f99368]
Event: 155.280 Thread 0x000001f4ffb50700 12560       3       java.io.BufferedReader::<init> (9 bytes)
Event: 155.280 Thread 0x000001f4ffb50700 nmethod 12560 0x000001f488f99510 code [0x000001f488f996c0, 0x000001f488f99808]
Event: 155.281 Thread 0x000001f4ffb50700 12561       1       net.minecraftforge.artifactural.base.artifact.SimpleArtifactIdentifier::getExtension (5 bytes)
Event: 155.281 Thread 0x000001f4ffb50700 nmethod 12561 0x000001f48fcf7490 code [0x000001f48fcf7620, 0x000001f48fcf76f8]
Event: 155.284 Thread 0x000001f4ffb50700 12562       3       java.security.MessageDigest::digest (10 bytes)
Event: 155.284 Thread 0x000001f4ffb50700 nmethod 12562 0x000001f488f99890 code [0x000001f488f99a60, 0x000001f488f9a0d8]

GC Heap History (20 events):
Event: 61.951 GC heap after
{Heap after GC invocations=27 (full 0):
 garbage-first heap   total 182272K, used 76323K [0x0000000740000000, 0x0000000800000000)
  region size 2048K, 6 young (12288K), 6 survivors (12288K)
 Metaspace       used 71997K, committed 72640K, reserved 1114112K
  class space    used 10097K, committed 10368K, reserved 1048576K
}
Event: 62.104 GC heap before
{Heap before GC invocations=27 (full 0):
 garbage-first heap   total 182272K, used 158243K [0x0000000740000000, 0x0000000800000000)
  region size 2048K, 40 young (81920K), 6 survivors (12288K)
 Metaspace       used 72120K, committed 72832K, reserved 1114112K
  class space    used 10107K, committed 10432K, reserved 1048576K
}
Event: 62.130 GC heap after
{Heap after GC invocations=28 (full 0):
 garbage-first heap   total 221184K, used 125297K [0x0000000740000000, 0x0000000800000000)
  region size 2048K, 6 young (12288K), 6 survivors (12288K)
 Metaspace       used 72120K, committed 72832K, reserved 1114112K
  class space    used 10107K, committed 10432K, reserved 1048576K
}
Event: 62.169 GC heap before
{Heap before GC invocations=28 (full 0):
 garbage-first heap   total 221184K, used 164209K [0x0000000740000000, 0x0000000800000000)
  region size 2048K, 25 young (51200K), 6 survivors (12288K)
 Metaspace       used 72120K, committed 72832K, reserved 1114112K
  class space    used 10107K, committed 10432K, reserved 1048576K
}
Event: 62.187 GC heap after
{Heap after GC invocations=29 (full 0):
 garbage-first heap   total 534528K, used 152321K [0x0000000740000000, 0x0000000800000000)
  region size 2048K, 4 young (8192K), 4 survivors (8192K)
 Metaspace       used 72120K, committed 72832K, reserved 1114112K
  class space    used 10107K, committed 10432K, reserved 1048576K
}
Event: 104.567 GC heap before
{Heap before GC invocations=30 (full 0):
 garbage-first heap   total 534528K, used 371457K [0x0000000740000000, 0x0000000800000000)
  region size 2048K, 66 young (135168K), 4 survivors (8192K)
 Metaspace       used 72538K, committed 73216K, reserved 1114112K
  class space    used 10120K, committed 10432K, reserved 1048576K
}
Event: 104.594 GC heap after
{Heap after GC invocations=31 (full 0):
 garbage-first heap   total 534528K, used 208862K [0x0000000740000000, 0x0000000800000000)
  region size 2048K, 11 young (22528K), 11 survivors (22528K)
 Metaspace       used 72538K, committed 73216K, reserved 1114112K
  class space    used 10120K, committed 10432K, reserved 1048576K
}
Event: 105.079 GC heap before
{Heap before GC invocations=31 (full 0):
 garbage-first heap   total 534528K, used 374750K [0x0000000740000000, 0x0000000800000000)
  region size 2048K, 74 young (151552K), 11 survivors (22528K)
 Metaspace       used 72727K, committed 73408K, reserved 1114112K
  class space    used 10145K, committed 10432K, reserved 1048576K
}
Event: 105.100 GC heap after
{Heap after GC invocations=32 (full 0):
 garbage-first heap   total 534528K, used 224879K [0x0000000740000000, 0x0000000800000000)
  region size 2048K, 6 young (12288K), 6 survivors (12288K)
 Metaspace       used 72727K, committed 73408K, reserved 1114112K
  class space    used 10145K, committed 10432K, reserved 1048576K
}
Event: 131.694 GC heap before
{Heap before GC invocations=32 (full 0):
 garbage-first heap   total 534528K, used 384623K [0x0000000740000000, 0x0000000800000000)
  region size 2048K, 71 young (145408K), 6 survivors (12288K)
 Metaspace       used 74173K, committed 75008K, reserved 1114112K
  class space    used 10297K, committed 10688K, reserved 1048576K
}
Event: 131.705 GC heap after
{Heap after GC invocations=33 (full 0):
 garbage-first heap   total 534528K, used 232801K [0x0000000740000000, 0x0000000800000000)
  region size 2048K, 4 young (8192K), 4 survivors (8192K)
 Metaspace       used 74173K, committed 75008K, reserved 1114112K
  class space    used 10297K, committed 10688K, reserved 1048576K
}
Event: 155.127 GC heap before
{Heap before GC invocations=33 (full 0):
 garbage-first heap   total 534528K, used 267617K [0x0000000740000000, 0x0000000800000000)
  region size 2048K, 23 young (47104K), 4 survivors (8192K)
 Metaspace       used 74352K, committed 75264K, reserved 1114112K
  class space    used 10297K, committed 10688K, reserved 1048576K
}
Event: 155.132 GC heap after
{Heap after GC invocations=34 (full 0):
 garbage-first heap   total 534528K, used 233342K [0x0000000740000000, 0x0000000800000000)
  region size 2048K, 4 young (8192K), 4 survivors (8192K)
 Metaspace       used 74352K, committed 75264K, reserved 1114112K
  class space    used 10297K, committed 10688K, reserved 1048576K
}
Event: 155.158 GC heap before
{Heap before GC invocations=34 (full 0):
 garbage-first heap   total 534528K, used 257918K [0x0000000740000000, 0x0000000800000000)
  region size 2048K, 6 young (12288K), 4 survivors (8192K)
 Metaspace       used 74358K, committed 75264K, reserved 1114112K
  class space    used 10297K, committed 10688K, reserved 1048576K
}
Event: 155.162 GC heap after
{Heap after GC invocations=35 (full 0):
 garbage-first heap   total 534528K, used 233317K [0x0000000740000000, 0x0000000800000000)
  region size 2048K, 4 young (8192K), 4 survivors (8192K)
 Metaspace       used 74358K, committed 75264K, reserved 1114112K
  class space    used 10297K, committed 10688K, reserved 1048576K
}
Event: 155.164 GC heap before
{Heap before GC invocations=35 (full 0):
 garbage-first heap   total 534528K, used 235365K [0x0000000740000000, 0x0000000800000000)
  region size 2048K, 5 young (10240K), 4 survivors (8192K)
 Metaspace       used 74358K, committed 75264K, reserved 1114112K
  class space    used 10297K, committed 10688K, reserved 1048576K
}
Event: 155.168 GC heap after
{Heap after GC invocations=36 (full 0):
 garbage-first heap   total 534528K, used 233097K [0x0000000740000000, 0x0000000800000000)
  region size 2048K, 4 young (8192K), 4 survivors (8192K)
 Metaspace       used 74358K, committed 75264K, reserved 1114112K
  class space    used 10297K, committed 10688K, reserved 1048576K
}
Event: 155.189 GC heap before
{Heap before GC invocations=36 (full 0):
 garbage-first heap   total 534528K, used 255625K [0x0000000740000000, 0x0000000800000000)
  region size 2048K, 5 young (10240K), 4 survivors (8192K)
 Metaspace       used 74358K, committed 75264K, reserved 1114112K
  class space    used 10297K, committed 10688K, reserved 1048576K
}
Event: 155.193 GC heap after
{Heap after GC invocations=37 (full 0):
 garbage-first heap   total 534528K, used 233274K [0x0000000740000000, 0x0000000800000000)
  region size 2048K, 4 young (8192K), 4 survivors (8192K)
 Metaspace       used 74358K, committed 75264K, reserved 1114112K
  class space    used 10297K, committed 10688K, reserved 1048576K
}
Event: 155.285 GC heap before
{Heap before GC invocations=37 (full 0):
 garbage-first heap   total 534528K, used 257850K [0x0000000740000000, 0x0000000800000000)
  region size 2048K, 10 young (20480K), 4 survivors (8192K)
 Metaspace       used 74503K, committed 75456K, reserved 1114112K
  class space    used 10310K, committed 10752K, reserved 1048576K
}

Dll operation events (15 events):
Event: 0.009 Loaded shared library C:\Program Files\Eclipse Adoptium\jdk-17.0.16.8-hotspot\bin\java.dll
Event: 0.028 Loaded shared library C:\Program Files\Eclipse Adoptium\jdk-17.0.16.8-hotspot\bin\jsvml.dll
Event: 0.165 Loaded shared library C:\Program Files\Eclipse Adoptium\jdk-17.0.16.8-hotspot\bin\zip.dll
Event: 0.194 Loaded shared library C:\Program Files\Eclipse Adoptium\jdk-17.0.16.8-hotspot\bin\instrument.dll
Event: 0.198 Loaded shared library C:\Program Files\Eclipse Adoptium\jdk-17.0.16.8-hotspot\bin\net.dll
Event: 0.200 Loaded shared library C:\Program Files\Eclipse Adoptium\jdk-17.0.16.8-hotspot\bin\nio.dll
Event: 0.204 Loaded shared library C:\Program Files\Eclipse Adoptium\jdk-17.0.16.8-hotspot\bin\zip.dll
Event: 1.037 Loaded shared library C:\Program Files\Eclipse Adoptium\jdk-17.0.16.8-hotspot\bin\jimage.dll
Event: 1.535 Loaded shared library C:\Program Files\Eclipse Adoptium\jdk-17.0.16.8-hotspot\bin\verify.dll
Event: 2.320 Loaded shared library C:\Users\Administrator\.gradle\native\c067742578af261105cb4f569cf0c3c89f3d7b1fecec35dd04571415982c5e48\windows-amd64\native-platform.dll
Event: 2.325 Loaded shared library C:\Users\Administrator\.gradle\native\100fb08df4bc3b14c8652ba06237920a3bd2aa13389f12d3474272988ae205f9\windows-amd64\native-platform-file-events.dll
Event: 3.658 Loaded shared library C:\Program Files\Eclipse Adoptium\jdk-17.0.16.8-hotspot\bin\management.dll
Event: 3.660 Loaded shared library C:\Program Files\Eclipse Adoptium\jdk-17.0.16.8-hotspot\bin\management_ext.dll
Event: 3.811 Loaded shared library C:\Program Files\Eclipse Adoptium\jdk-17.0.16.8-hotspot\bin\extnet.dll
Event: 3.995 Loaded shared library C:\Program Files\Eclipse Adoptium\jdk-17.0.16.8-hotspot\bin\sunmscapi.dll

Deoptimization events (20 events):
Event: 155.261 Thread 0x000001f4e67fb4f0 Uncommon trap: trap_request=0xffffffde fr.pc=0x000001f48fba8a90 relative=0x00000000000067b0
Event: 155.261 Thread 0x000001f4e67fb4f0 Uncommon trap: reason=class_check action=maybe_recompile pc=0x000001f48fba8a90 method=org.gradle.api.tasks.util.internal.CachingPatternSpecFactory$CachingSpec.isSatisfiedBy(Ljava/lang/Object;)Z @ 2 c2
Event: 155.261 Thread 0x000001f4e67fb4f0 DEOPT PACKING pc=0x000001f48fba8a90 sp=0x00000076487fb700
Event: 155.261 Thread 0x000001f4e67fb4f0 DEOPT UNPACKING pc=0x000001f48f02a1a3 sp=0x00000076487fb6f0 mode 2
Event: 155.262 Thread 0x000001f4e67fb4f0 Uncommon trap: trap_request=0xffffffde fr.pc=0x000001f48fb7c494 relative=0x0000000000001034
Event: 155.262 Thread 0x000001f4e67fb4f0 Uncommon trap: reason=class_check action=maybe_recompile pc=0x000001f48fb7c494 method=org.gradle.api.tasks.util.internal.CachingPatternSpecFactory$CachingSpec.isSatisfiedBy(Lorg/gradle/api/file/FileTreeElement;)Z @ 5 c2
Event: 155.262 Thread 0x000001f4e67fb4f0 DEOPT PACKING pc=0x000001f48fb7c494 sp=0x00000076487fb680
Event: 155.262 Thread 0x000001f4e67fb4f0 DEOPT UNPACKING pc=0x000001f48f02a1a3 sp=0x00000076487fb670 mode 2
Event: 155.262 Thread 0x000001f4e67fb4f0 Uncommon trap: trap_request=0xffffffde fr.pc=0x000001f48fba8a90 relative=0x00000000000067b0
Event: 155.262 Thread 0x000001f4e67fb4f0 Uncommon trap: reason=class_check action=maybe_recompile pc=0x000001f48fba8a90 method=org.gradle.api.tasks.util.internal.CachingPatternSpecFactory$CachingSpec.isSatisfiedBy(Ljava/lang/Object;)Z @ 2 c2
Event: 155.262 Thread 0x000001f4e67fb4f0 DEOPT PACKING pc=0x000001f48fba8a90 sp=0x00000076487fb380
Event: 155.262 Thread 0x000001f4e67fb4f0 DEOPT UNPACKING pc=0x000001f48f02a1a3 sp=0x00000076487fb370 mode 2
Event: 155.262 Thread 0x000001f4e67fb4f0 Uncommon trap: trap_request=0xffffffde fr.pc=0x000001f48fb7c494 relative=0x0000000000001034
Event: 155.262 Thread 0x000001f4e67fb4f0 Uncommon trap: reason=class_check action=maybe_recompile pc=0x000001f48fb7c494 method=org.gradle.api.tasks.util.internal.CachingPatternSpecFactory$CachingSpec.isSatisfiedBy(Lorg/gradle/api/file/FileTreeElement;)Z @ 5 c2
Event: 155.262 Thread 0x000001f4e67fb4f0 DEOPT PACKING pc=0x000001f48fb7c494 sp=0x00000076487fb300
Event: 155.262 Thread 0x000001f4e67fb4f0 DEOPT UNPACKING pc=0x000001f48f02a1a3 sp=0x00000076487fb2f0 mode 2
Event: 155.262 Thread 0x000001f4e67fb4f0 Uncommon trap: trap_request=0xffffffde fr.pc=0x000001f48fb7e838 relative=0x0000000000001158
Event: 155.262 Thread 0x000001f4e67fb4f0 Uncommon trap: reason=class_check action=maybe_recompile pc=0x000001f48fb7e838 method=org.gradle.api.tasks.util.internal.CachingPatternSpecFactory$CachingSpec.isSatisfiedBy(Ljava/lang/Object;)Z @ 2 c2
Event: 155.262 Thread 0x000001f4e67fb4f0 DEOPT PACKING pc=0x000001f48fb7e838 sp=0x00000076487fb350
Event: 155.262 Thread 0x000001f4e67fb4f0 DEOPT UNPACKING pc=0x000001f48f02a1a3 sp=0x00000076487fb338 mode 2

Classes loaded (20 events):
Event: 108.494 Loading class jdk/internal/ValueBased
Event: 108.494 Loading class jdk/internal/ValueBased done
Event: 108.506 Loading class java/util/regex/PatternBeanInfo
Event: 108.506 Loading class java/util/regex/PatternBeanInfo done
Event: 108.506 Loading class java/util/regex/PatternBeanInfo
Event: 108.506 Loading class java/util/regex/PatternBeanInfo done
Event: 108.507 Loading class java/util/regex/PatternCustomizer
Event: 108.507 Loading class java/util/regex/PatternCustomizer done
Event: 108.507 Loading class java/util/regex/PatternCustomizer
Event: 108.507 Loading class java/util/regex/PatternCustomizer done
Event: 108.511 Loading class java/io/Console
Event: 108.511 Loading class java/io/Console done
Event: 108.512 Loading class java/lang/SystemBeanInfo
Event: 108.512 Loading class java/lang/SystemBeanInfo done
Event: 108.512 Loading class java/lang/SystemBeanInfo
Event: 108.512 Loading class java/lang/SystemBeanInfo done
Event: 108.512 Loading class java/lang/SystemCustomizer
Event: 108.512 Loading class java/lang/SystemCustomizer done
Event: 108.512 Loading class java/lang/SystemCustomizer
Event: 108.512 Loading class java/lang/SystemCustomizer done

Classes unloaded (2 events):
Event: 62.279 Thread 0x000001f4ffb221e0 Unloading class 0x000001f49e978000 'java/lang/invoke/LambdaForm$DMH+0x000001f49e978000'
Event: 62.279 Thread 0x000001f4ffb221e0 Unloading class 0x000001f49e975c00 'java/lang/invoke/LambdaForm$DMH+0x000001f49e975c00'

Classes redefined (0 events):
No events

Internal exceptions (20 events):
Event: 108.488 Thread 0x000001f4e35a0c50 Exception <a 'java/lang/ClassNotFoundException'{0x0000000758ef7de8}: org/gradle/api/tasks/JavaExecCustomizer> (0x0000000758ef7de8) 
thrown [s\src\hotspot\share\classfile\systemDictionary.cpp, line 256]
Event: 108.489 Thread 0x000001f4e35a0c50 Exception <a 'java/lang/ClassNotFoundException'{0x0000000758f5e510}: org/gradle/api/tasks/JavaExec_DecoratedCustomizer> (0x0000000758f5e510) 
thrown [s\src\hotspot\share\classfile\systemDictionary.cpp, line 256]
Event: 108.494 Thread 0x000001f4e35a0c50 Exception <a 'java/lang/ClassNotFoundException'{0x0000000758c10690}: java/lang/BooleanBeanInfo> (0x0000000758c10690) 
thrown [s\src\hotspot\share\classfile\systemDictionary.cpp, line 256]
Event: 108.494 Thread 0x000001f4e35a0c50 Exception <a 'java/lang/ClassNotFoundException'{0x0000000758c179c0}: java/lang/BooleanCustomizer> (0x0000000758c179c0) 
thrown [s\src\hotspot\share\classfile\systemDictionary.cpp, line 256]
Event: 108.496 Thread 0x000001f4e35a0c50 Exception <a 'java/lang/ClassNotFoundException'{0x0000000758c73c98}: PropertiesBeanInfo> (0x0000000758c73c98) 
thrown [s\src\hotspot\share\classfile\systemDictionary.cpp, line 256]
Event: 108.496 Thread 0x000001f4e35a0c50 Exception <a 'java/lang/ClassNotFoundException'{0x0000000758c7f900}: PropertiesCustomizer> (0x0000000758c7f900) 
thrown [s\src\hotspot\share\classfile\systemDictionary.cpp, line 256]
Event: 108.499 Thread 0x000001f4e35a0c50 Exception <a 'java/lang/ClassNotFoundException'{0x0000000758a32570}: com/google/common/collect/RegularImmutableListBeanInfo> (0x0000000758a32570) 
thrown [s\src\hotspot\share\classfile\systemDictionary.cpp, line 256]
Event: 108.499 Thread 0x000001f4e35a0c50 Exception <a 'java/lang/ClassNotFoundException'{0x0000000758a40610}: com/google/common/collect/ImmutableListBeanInfo> (0x0000000758a40610) 
thrown [s\src\hotspot\share\classfile\systemDictionary.cpp, line 256]
Event: 108.499 Thread 0x000001f4e35a0c50 Exception <a 'java/lang/ClassNotFoundException'{0x0000000758a4e9c0}: com/google/common/collect/ImmutableCollectionBeanInfo> (0x0000000758a4e9c0) 
thrown [s\src\hotspot\share\classfile\systemDictionary.cpp, line 256]
Event: 108.499 Thread 0x000001f4e35a0c50 Exception <a 'java/lang/ClassNotFoundException'{0x0000000758a5d0c0}: com/google/common/collect/ImmutableCollectionCustomizer> (0x0000000758a5d0c0) 
thrown [s\src\hotspot\share\classfile\systemDictionary.cpp, line 256]
Event: 108.500 Thread 0x000001f4e35a0c50 Exception <a 'java/lang/ClassNotFoundException'{0x0000000758a79948}: com/google/common/collect/ImmutableListCustomizer> (0x0000000758a79948) 
thrown [s\src\hotspot\share\classfile\systemDictionary.cpp, line 256]
Event: 108.500 Thread 0x000001f4e35a0c50 Exception <a 'java/lang/ClassNotFoundException'{0x0000000758adca88}: com/google/common/collect/RegularImmutableListCustomizer> (0x0000000758adca88) 
thrown [s\src\hotspot\share\classfile\systemDictionary.cpp, line 256]
Event: 108.505 Thread 0x000001f4e35a0c50 Exception <a 'java/lang/ClassNotFoundException'{0x0000000758b38dc8}: KotlinCoroutineJvmDebugArgumentsProviderBeanInfo> (0x0000000758b38dc8) 
thrown [s\src\hotspot\share\classfile\systemDictionary.cpp, line 256]
Event: 108.505 Thread 0x000001f4e35a0c50 Exception <a 'java/lang/ClassNotFoundException'{0x0000000758b48a00}: KotlinCoroutineJvmDebugArgumentsProviderCustomizer> (0x0000000758b48a00) 
thrown [s\src\hotspot\share\classfile\systemDictionary.cpp, line 256]
Event: 108.506 Thread 0x000001f4e35a0c50 Exception <a 'java/lang/ClassNotFoundException'{0x0000000758b6cb48}: java/util/regex/PatternBeanInfo> (0x0000000758b6cb48) 
thrown [s\src\hotspot\share\classfile\systemDictionary.cpp, line 256]
Event: 108.507 Thread 0x000001f4e35a0c50 Exception <a 'java/lang/ClassNotFoundException'{0x0000000758b749b0}: java/util/regex/PatternCustomizer> (0x0000000758b749b0) 
thrown [s\src\hotspot\share\classfile\systemDictionary.cpp, line 256]
Event: 108.512 Thread 0x000001f4e35a0c50 Exception <a 'java/lang/ClassNotFoundException'{0x0000000758bd0f68}: java/lang/SystemBeanInfo> (0x0000000758bd0f68) 
thrown [s\src\hotspot\share\classfile\systemDictionary.cpp, line 256]
Event: 108.512 Thread 0x000001f4e35a0c50 Exception <a 'java/lang/ClassNotFoundException'{0x0000000758bd8288}: java/lang/SystemCustomizer> (0x0000000758bd8288) 
thrown [s\src\hotspot\share\classfile\systemDictionary.cpp, line 256]
Event: 155.221 Thread 0x000001f4e35a0c50 Implicit null exception at 0x000001f48fc8f35c to 0x000001f48fc8f3ec
Event: 155.256 Thread 0x000001f4e67fb4f0 Exception <a 'java/lang/NoSuchMethodError'{0x000000075d8b50e8}: 'int java.lang.invoke.DirectMethodHandle$Holder.invokeSpecial(java.lang.Object, java.lang.Object, java.lang.Object, java.lang.Object, java.lang.Object)'> (0x000000075d8b50e8) 
thrown [s\src\hotspot\share\interpreter\linkResolver.cpp, line 759]

VM Operations (20 events):
Event: 144.809 Executing VM operation: Cleanup done
Event: 148.829 Executing VM operation: Cleanup
Event: 148.829 Executing VM operation: Cleanup done
Event: 149.829 Executing VM operation: Cleanup
Event: 149.829 Executing VM operation: Cleanup done
Event: 150.842 Executing VM operation: Cleanup
Event: 150.842 Executing VM operation: Cleanup done
Event: 152.860 Executing VM operation: Cleanup
Event: 152.860 Executing VM operation: Cleanup done
Event: 153.868 Executing VM operation: Cleanup
Event: 153.868 Executing VM operation: Cleanup done
Event: 155.127 Executing VM operation: G1TryInitiateConcMark
Event: 155.132 Executing VM operation: G1TryInitiateConcMark done
Event: 155.158 Executing VM operation: G1TryInitiateConcMark
Event: 155.162 Executing VM operation: G1TryInitiateConcMark done
Event: 155.164 Executing VM operation: G1TryInitiateConcMark
Event: 155.168 Executing VM operation: G1TryInitiateConcMark done
Event: 155.189 Executing VM operation: G1TryInitiateConcMark
Event: 155.193 Executing VM operation: G1TryInitiateConcMark done
Event: 155.285 Executing VM operation: G1TryInitiateConcMark

Memory protections (0 events):
No events

Nmethod flushes (20 events):
Event: 60.819 Thread 0x000001f4ffb51100 flushing  nmethod 0x000001f48893da10
Event: 60.819 Thread 0x000001f4ffb51100 flushing  nmethod 0x000001f48893eb90
Event: 60.819 Thread 0x000001f4ffb51100 flushing  nmethod 0x000001f488942310
Event: 60.819 Thread 0x000001f4ffb51100 flushing  nmethod 0x000001f488945a10
Event: 60.819 Thread 0x000001f4ffb51100 flushing  nmethod 0x000001f488948a10
Event: 60.819 Thread 0x000001f4ffb51100 flushing  nmethod 0x000001f488950a90
Event: 60.820 Thread 0x000001f4ffb51100 flushing  nmethod 0x000001f488976090
Event: 60.820 Thread 0x000001f4ffb51100 flushing  nmethod 0x000001f488977690
Event: 60.820 Thread 0x000001f4ffb51100 flushing  nmethod 0x000001f488978590
Event: 60.820 Thread 0x000001f4ffb51100 flushing  nmethod 0x000001f488978910
Event: 60.820 Thread 0x000001f4ffb51100 flushing  nmethod 0x000001f48899d610
Event: 60.820 Thread 0x000001f4ffb51100 flushing  nmethod 0x000001f48899f410
Event: 60.820 Thread 0x000001f4ffb51100 flushing  nmethod 0x000001f4889d0f90
Event: 60.820 Thread 0x000001f4ffb51100 flushing  nmethod 0x000001f488a5cb90
Event: 60.820 Thread 0x000001f4ffb51100 flushing  nmethod 0x000001f488a61910
Event: 60.820 Thread 0x000001f4ffb51100 flushing  nmethod 0x000001f488a90810
Event: 60.820 Thread 0x000001f4ffb51100 flushing  nmethod 0x000001f488a95f90
Event: 60.820 Thread 0x000001f4ffb51100 flushing  nmethod 0x000001f488a96e10
Event: 60.820 Thread 0x000001f4ffb51100 flushing  nmethod 0x000001f488aa6f10
Event: 105.197 Thread 0x000001f4ffb51100 flushing  nmethod 0x000001f487ee6010

Events (20 events):
Event: 155.121 Thread 0x000001f4e35a0c50 Thread added: 0x000001f4e50cce10
Event: 155.121 Thread 0x000001f4e35a0c50 Thread added: 0x000001f4e67fc930
Event: 155.121 Thread 0x000001f4e35a0c50 Thread added: 0x000001f4e67fd350
Event: 155.121 Thread 0x000001f4e35a0c50 Thread added: 0x000001f4e67fdd70
Event: 155.122 Thread 0x000001f4e35a0c50 Thread added: 0x000001f4e67f9180
Event: 155.122 Thread 0x000001f4e35a0c50 Thread added: 0x000001f4e67fba00
Event: 155.122 Thread 0x000001f4e35a0c50 Thread added: 0x000001f4e67f6900
Event: 155.205 Thread 0x000001f4e35a0c50 Thread added: 0x000001f4e67fc420
Event: 155.215 Thread 0x000001f4ffb50700 Thread added: 0x000001f4e7518830
Event: 155.222 Thread 0x000001f4e67f9690 Thread added: 0x000001f4e67faad0
Event: 155.235 Thread 0x000001f4e35a0c50 Thread added: 0x000001f4e67f7d40
Event: 155.236 Thread 0x000001f4e67f7d40 Thread added: 0x000001f4e67fafe0
Event: 155.236 Thread 0x000001f4e67f7d40 Thread added: 0x000001f4e67fb4f0
Event: 155.236 Thread 0x000001f4e67f7d40 Thread added: 0x000001f4e67f7320
Event: 155.236 Thread 0x000001f4e67f7d40 Thread added: 0x000001f4e67fbf10
Event: 155.236 Thread 0x000001f4e67f7d40 Thread added: 0x000001f4e67f7830
Event: 155.236 Thread 0x000001f4e67f7d40 Thread added: 0x000001f4e67f8250
Event: 155.236 Thread 0x000001f4e67f7d40 Thread added: 0x000001f4e67f8760
Event: 155.237 Thread 0x000001f4e67fb4f0 Thread added: 0x000001f4e35a0740
Event: 155.246 Thread 0x000001f4ffb50700 Thread added: 0x000001f4e7517d90


Dynamic libraries:
0x00007ff60ee90000 - 0x00007ff60ee9e000 	C:\Program Files\Eclipse Adoptium\jdk-17.0.16.8-hotspot\bin\java.exe
0x00007fff152f0000 - 0x00007fff154e8000 	C:\Windows\SYSTEM32\ntdll.dll
0x00007fff14450000 - 0x00007fff14512000 	C:\Windows\System32\KERNEL32.DLL
0x00007fff12c80000 - 0x00007fff12f7f000 	C:\Windows\System32\KERNELBASE.dll
0x00007fff12b80000 - 0x00007fff12c80000 	C:\Windows\System32\ucrtbase.dll
0x00007ffeec9c0000 - 0x00007ffeec9d7000 	C:\Program Files\Eclipse Adoptium\jdk-17.0.16.8-hotspot\bin\jli.dll
0x00007fff14ef0000 - 0x00007fff1508d000 	C:\Windows\System32\USER32.dll
0x00007fff13260000 - 0x00007fff13282000 	C:\Windows\System32\win32u.dll
0x00007fff14670000 - 0x00007fff1469b000 	C:\Windows\System32\GDI32.dll
0x00007fff12a30000 - 0x00007fff12b47000 	C:\Windows\System32\gdi32full.dll
0x00007fff12f80000 - 0x00007fff1301d000 	C:\Windows\System32\msvcp_win.dll
0x00007ffee87c0000 - 0x00007ffee87de000 	C:\Program Files\Eclipse Adoptium\jdk-17.0.16.8-hotspot\bin\VCRUNTIME140.dll
0x00007ffefb720000 - 0x00007ffefb9ba000 	C:\Windows\WinSxS\amd64_microsoft.windows.common-controls_6595b64144ccf1df_6.0.19041.4355_none_60b8b9eb71f62e16\COMCTL32.dll
0x00007fff14520000 - 0x00007fff145be000 	C:\Windows\System32\msvcrt.dll
0x00007fff142e0000 - 0x00007fff1430f000 	C:\Windows\System32\IMM32.DLL
0x00007ffeec9b0000 - 0x00007ffeec9bc000 	C:\Program Files\Eclipse Adoptium\jdk-17.0.16.8-hotspot\bin\vcruntime140_1.dll
0x00007ffed2760000 - 0x00007ffed27ed000 	C:\Program Files\Eclipse Adoptium\jdk-17.0.16.8-hotspot\bin\msvcp140.dll
0x00007ffe92380000 - 0x00007ffe92feb000 	C:\Program Files\Eclipse Adoptium\jdk-17.0.16.8-hotspot\bin\server\jvm.dll
0x00007fff13300000 - 0x00007fff133b1000 	C:\Windows\System32\ADVAPI32.dll
0x00007fff15090000 - 0x00007fff1512f000 	C:\Windows\System32\sechost.dll
0x00007fff14310000 - 0x00007fff14433000 	C:\Windows\System32\RPCRT4.dll
0x00007fff12b50000 - 0x00007fff12b77000 	C:\Windows\System32\bcrypt.dll
0x00007fff141b0000 - 0x00007fff1421b000 	C:\Windows\System32\WS2_32.dll
0x00007fff11ec0000 - 0x00007fff11f0b000 	C:\Windows\SYSTEM32\POWRPROF.dll
0x00007fff04820000 - 0x00007fff04847000 	C:\Windows\SYSTEM32\WINMM.dll
0x00007ffefeb60000 - 0x00007ffefeb6a000 	C:\Windows\SYSTEM32\VERSION.dll
0x00007fff11d80000 - 0x00007fff11d92000 	C:\Windows\SYSTEM32\UMPDC.dll
0x00007fff111a0000 - 0x00007fff111b2000 	C:\Windows\SYSTEM32\kernel.appcore.dll
0x00007ffeec5c0000 - 0x00007ffeec5ca000 	C:\Program Files\Eclipse Adoptium\jdk-17.0.16.8-hotspot\bin\jimage.dll
0x00007fff104f0000 - 0x00007fff106d4000 	C:\Windows\SYSTEM32\DBGHELP.DLL
0x00007ffee1130000 - 0x00007ffee1164000 	C:\Windows\SYSTEM32\dbgcore.DLL
0x00007fff131d0000 - 0x00007fff13252000 	C:\Windows\System32\bcryptPrimitives.dll
0x00007ffeeafe0000 - 0x00007ffeeafee000 	C:\Program Files\Eclipse Adoptium\jdk-17.0.16.8-hotspot\bin\instrument.dll
0x00007ffed9b00000 - 0x00007ffed9b25000 	C:\Program Files\Eclipse Adoptium\jdk-17.0.16.8-hotspot\bin\java.dll
0x00007ffecce50000 - 0x00007ffeccf27000 	C:\Program Files\Eclipse Adoptium\jdk-17.0.16.8-hotspot\bin\jsvml.dll
0x00007fff146a0000 - 0x00007fff14e0e000 	C:\Windows\System32\SHELL32.dll
0x00007fff109e0000 - 0x00007fff11184000 	C:\Windows\SYSTEM32\windows.storage.dll
0x00007fff134a0000 - 0x00007fff137f5000 	C:\Windows\System32\combase.dll
0x00007fff123b0000 - 0x00007fff123df000 	C:\Windows\SYSTEM32\Wldp.dll
0x00007fff133d0000 - 0x00007fff1349d000 	C:\Windows\System32\OLEAUT32.dll
0x00007fff13ff0000 - 0x00007fff1409d000 	C:\Windows\System32\SHCORE.dll
0x00007fff14220000 - 0x00007fff14275000 	C:\Windows\System32\shlwapi.dll
0x00007fff128b0000 - 0x00007fff128d4000 	C:\Windows\SYSTEM32\profapi.dll
0x00007ffee2100000 - 0x00007ffee2118000 	C:\Program Files\Eclipse Adoptium\jdk-17.0.16.8-hotspot\bin\zip.dll
0x00007ffee0fc0000 - 0x00007ffee0fd9000 	C:\Program Files\Eclipse Adoptium\jdk-17.0.16.8-hotspot\bin\net.dll
0x00007fff0cbd0000 - 0x00007fff0ccdd000 	C:\Windows\SYSTEM32\WINHTTP.dll
0x00007fff12110000 - 0x00007fff1217a000 	C:\Windows\system32\mswsock.dll
0x00007ffed3800000 - 0x00007ffed3816000 	C:\Program Files\Eclipse Adoptium\jdk-17.0.16.8-hotspot\bin\nio.dll
0x00007ffeea9f0000 - 0x00007ffeeaa00000 	C:\Program Files\Eclipse Adoptium\jdk-17.0.16.8-hotspot\bin\verify.dll
0x00007ffedd0c0000 - 0x00007ffedd0e7000 	C:\Users\Administrator\.gradle\native\c067742578af261105cb4f569cf0c3c89f3d7b1fecec35dd04571415982c5e48\windows-amd64\native-platform.dll
0x00007ffecabf0000 - 0x00007ffecad34000 	C:\Users\Administrator\.gradle\native\100fb08df4bc3b14c8652ba06237920a3bd2aa13389f12d3474272988ae205f9\windows-amd64\native-platform-file-events.dll
0x00007ffeea6e0000 - 0x00007ffeea6ea000 	C:\Program Files\Eclipse Adoptium\jdk-17.0.16.8-hotspot\bin\management.dll
0x00007ffee7eb0000 - 0x00007ffee7ebb000 	C:\Program Files\Eclipse Adoptium\jdk-17.0.16.8-hotspot\bin\management_ext.dll
0x00007fff13880000 - 0x00007fff13888000 	C:\Windows\System32\PSAPI.DLL
0x00007fff12300000 - 0x00007fff12318000 	C:\Windows\SYSTEM32\CRYPTSP.dll
0x00007fff119c0000 - 0x00007fff119f4000 	C:\Windows\system32\rsaenh.dll
0x00007fff12830000 - 0x00007fff1285e000 	C:\Windows\SYSTEM32\USERENV.dll
0x00007fff12320000 - 0x00007fff1232c000 	C:\Windows\SYSTEM32\CRYPTBASE.dll
0x00007fff11da0000 - 0x00007fff11ddb000 	C:\Windows\SYSTEM32\IPHLPAPI.DLL
0x00007fff133c0000 - 0x00007fff133c8000 	C:\Windows\System32\NSI.dll
0x00007fff09d30000 - 0x00007fff09d47000 	C:\Windows\SYSTEM32\dhcpcsvc6.DLL
0x00007fff0bd90000 - 0x00007fff0bdad000 	C:\Windows\SYSTEM32\dhcpcsvc.DLL
0x00007fff11df0000 - 0x00007fff11eba000 	C:\Windows\SYSTEM32\DNSAPI.dll
0x00007ffee7e20000 - 0x00007ffee7e29000 	C:\Program Files\Eclipse Adoptium\jdk-17.0.16.8-hotspot\bin\extnet.dll
0x00007ffee7d20000 - 0x00007ffee7d2e000 	C:\Program Files\Eclipse Adoptium\jdk-17.0.16.8-hotspot\bin\sunmscapi.dll
0x00007fff13020000 - 0x00007fff1317c000 	C:\Windows\System32\CRYPT32.dll
0x00007fff12420000 - 0x00007fff12447000 	C:\Windows\SYSTEM32\ncrypt.dll
0x00007fff123e0000 - 0x00007fff1241b000 	C:\Windows\SYSTEM32\NTASN1.dll
0x00007ffed9180000 - 0x00007ffed9187000 	C:\Windows\system32\wshunix.dll
0x00007fff09020000 - 0x00007fff0902a000 	C:\Windows\System32\rasadhlp.dll
0x00007fff088d0000 - 0x00007fff08950000 	C:\Windows\System32\fwpuclnt.dll
0x00007ffee3ac0000 - 0x00007ffee3ad7000 	C:\Windows\system32\napinsp.dll
0x00007ffee3aa0000 - 0x00007ffee3abb000 	C:\Windows\system32\pnrpnsp.dll
0x00007ffee3a80000 - 0x00007ffee3a95000 	C:\Windows\system32\wshbth.dll
0x00007fff0cbb0000 - 0x00007fff0cbcd000 	C:\Windows\system32\NLAapi.dll
0x00007ffee3a60000 - 0x00007ffee3a72000 	C:\Windows\System32\winrnr.dll
0x00007fff0b950000 - 0x00007fff0b9e4000 	C:\Windows\system32\apphelp.dll

dbghelp: loaded successfully - version: 4.0.5 - missing functions: none
symbol engine: initialized successfully - sym options: 0x614 - pdb path: .;C:\Program Files\Eclipse Adoptium\jdk-17.0.16.8-hotspot\bin;C:\Windows\SYSTEM32;C:\Windows\WinSxS\amd64_microsoft.windows.common-controls_6595b64144ccf1df_6.0.19041.4355_none_60b8b9eb71f62e16;C:\Program Files\Eclipse Adoptium\jdk-17.0.16.8-hotspot\bin\server;C:\Users\Administrator\.gradle\native\c067742578af261105cb4f569cf0c3c89f3d7b1fecec35dd04571415982c5e48\windows-amd64;C:\Users\Administrator\.gradle\native\100fb08df4bc3b14c8652ba06237920a3bd2aa13389f12d3474272988ae205f9\windows-amd64

VM Arguments:
jvm_args: --add-opens=java.base/java.util=ALL-UNNAMED --add-opens=java.base/java.lang=ALL-UNNAMED --add-opens=java.base/java.lang.invoke=ALL-UNNAMED --add-opens=java.prefs/java.util.prefs=ALL-UNNAMED --add-opens=java.base/java.nio.charset=ALL-UNNAMED --add-opens=java.base/java.net=ALL-UNNAMED --add-opens=java.base/java.util.concurrent.atomic=ALL-UNNAMED -Xmx3G -Dfile.encoding=UTF-8 -Duser.country=CN -Duser.language=zh -Duser.variant -javaagent:C:\Users\Administrator\.gradle\wrapper\dists\gradle-8.8-bin\dl7vupf4psengwqhwktix4v1\gradle-8.8\lib\agents\gradle-instrumentation-agent-8.8.jar 
java_command: org.gradle.launcher.daemon.bootstrap.GradleDaemon 8.8
java_class_path (initial): C:\Users\Administrator\.gradle\wrapper\dists\gradle-8.8-bin\dl7vupf4psengwqhwktix4v1\gradle-8.8\lib\gradle-launcher-8.8.jar
Launcher Type: SUN_STANDARD

[Global flags]
     intx CICompilerCount                          = 4                                         {product} {ergonomic}
     uint ConcGCThreads                            = 2                                         {product} {ergonomic}
     uint G1ConcRefinementThreads                  = 8                                         {product} {ergonomic}
   size_t G1HeapRegionSize                         = 2097152                                   {product} {ergonomic}
    uintx GCDrainStackTargetSize                   = 64                                        {product} {ergonomic}
   size_t InitialHeapSize                          = 264241152                                 {product} {ergonomic}
   size_t MarkStackSize                            = 4194304                                   {product} {ergonomic}
   size_t MaxHeapSize                              = 3221225472                                {product} {command line}
   size_t MaxNewSize                               = 1931476992                                {product} {ergonomic}
   size_t MinHeapDeltaBytes                        = 2097152                                   {product} {ergonomic}
   size_t MinHeapSize                              = 8388608                                   {product} {ergonomic}
    uintx NonNMethodCodeHeapSize                   = 5839372                                {pd product} {ergonomic}
    uintx NonProfiledCodeHeapSize                  = 122909434                              {pd product} {ergonomic}
    uintx ProfiledCodeHeapSize                     = 122909434                              {pd product} {ergonomic}
    uintx ReservedCodeCacheSize                    = 251658240                              {pd product} {ergonomic}
     bool SegmentedCodeCache                       = true                                      {product} {ergonomic}
   size_t SoftMaxHeapSize                          = 3221225472                             {manageable} {ergonomic}
     bool UseCompressedClassPointers               = true                           {product lp64_product} {ergonomic}
     bool UseCompressedOops                        = true                           {product lp64_product} {ergonomic}
     bool UseG1GC                                  = true                                      {product} {ergonomic}
     bool UseLargePagesIndividualAllocation        = false                                  {pd product} {ergonomic}

Logging:
Log output configuration:
 #0: stdout all=warning uptime,level,tags
 #1: stderr all=off uptime,level,tags

Environment Variables:
JAVA_HOME=C:\Program Files\Java\jdk-25.0.2
CLASSPATH=.;C:\Program Files\Java\jdk-25.0.2\lib\dt.jar;C:\Program Files\Java\jdk-25.0.2\lib\tools.jar;
PATH=C:\Program Files (x86)\Common Files\Oracle\Java\java8path;C:\Program Files\Common Files\Oracle\Java\javapath;C:\Program Files (x86)\Common Files\Oracle\Java\javapath;C:\Program Files\Microsoft\jdk-21.0.7.6-hotspot\bin;C:\Program Files\Eclipse Adoptium\jdk-17.0.16.8-hotspot\bin;C:\Windows\system32;C:\Windows;C:\Windows\System32\Wbem;C:\Windows\System32\WindowsPowerShell\v1.0\;C:\Windows\System32\OpenSSH\;C:\Program Files\dotnet\;C:\Program Files\Git\cmd;C:\Users\Administrator\AppData\Local\Microsoft\WindowsApps;C:\Users\Administrator\AppData\Local\Programs\Microsoft VS Code\bin
USERNAME=Administrator
OS=Windows_NT
PROCESSOR_IDENTIFIER=Intel64 Family 6 Model 140 Stepping 2, GenuineIntel
TMP=C:\Users\ADMINI~1\AppData\Local\Temp
TEMP=C:\Users\ADMINI~1\AppData\Local\Temp



Periodic native trim disabled


---------------  S Y S T E M  ---------------

OS:
 Windows 10 , 64 bit Build 19041 (10.0.19041.5198)
OS uptime: 55 days 1:04 hours

CPU: total 8 (initial active 8) (4 cores per cpu, 2 threads per core) family 6 model 140 stepping 2 microcode 0x16, cx8, cmov, fxsr, ht, mmx, 3dnowpref, sse, sse2, sse3, ssse3, sse4.1, sse4.2, popcnt, lzcnt, tsc, tscinvbit, avx, avx2, aes, erms, clmul, bmi1, bmi2, adx, avx512f, avx512dq, avx512cd, avx512bw, avx512vl, sha, fma, vzeroupper, avx512_vpopcntdq, avx512_vpclmulqdq, avx512_vaes, avx512_vnni, clflush, clflushopt, clwb, avx512_vbmi2, avx512_vbmi
Processor Information for all 8 processors :
  Max Mhz: 2496, Current Mhz: 2496, Mhz Limit: 2496

Memory: 4k page, system-wide physical 16122M (3047M free)
TotalPageFile size 51517M (AvailPageFile size 259M)
current process WorkingSet (physical memory assigned to process): 724M, peak: 746M
current process commit charge ("private bytes"): 863M, peak: 1659M

vm_info: OpenJDK 64-Bit Server VM (17.0.16+8) for windows-amd64 JRE (17.0.16+8), built on Jul 16 2025 10:37:56 by "admin" with MS VC++ 17.7 (VS2022)

END.
